{"v":"5.5.7","meta":{"g":"LottieFiles AE 0.1.20","a":"","k":"","d":"","tc":""},"fr":30,"ip":0,"op":119,"w":512,"h":512,"nm":"wallet","ddd":0,"assets":[{"id":"comp_0","layers":[{"ddd":0,"ind":1,"ty":4,"nm":"Wallet-01 Outlines","sr":1,"ks":{"o":{"a":0,"k":100,"ix":11},"r":{"a":0,"k":0,"ix":10},"p":{"a":0,"k":[256,256,0],"ix":2},"a":{"a":0,"k":[540,540,0],"ix":1},"s":{"a":0,"k":[47.037,47.037,100],"ix":6}},"ao":0,"shapes":[{"ty":"gr","it":[{"ind":0,"ty":"sh","ix":1,"ks":{"a":0,"k":{"i":[[-21.187,0],[0,21.187],[21.187,0],[0,-21.188]],"o":[[21.187,0],[0,-21.188],[-21.187,0],[0,21.187]],"v":[[0,38.362],[38.362,0],[0,-38.362],[-38.362,0]],"c":true},"ix":2},"nm":"Path 1","mn":"ADBE Vector Shape - Group","hd":false},{"ty":"st","c":{"a":0,"k":[0.174418864531,0.204731974882,0.278676081639,1],"ix":3},"o":{"a":0,"k":100,"ix":4},"w":{"a":0,"k":9,"ix":5},"lc":2,"lj":2,"bm":0,"nm":"Stroke 1","mn":"ADBE Vector Graphic - Stroke","hd":false},{"ty":"tr","p":{"a":0,"k":[839.467,716.149],"ix":2},"a":{"a":0,"k":[0,0],"ix":1},"s":{"a":0,"k":[100,100],"ix":3},"r":{"a":0,"k":0,"ix":6},"o":{"a":0,"k":100,"ix":7},"sk":{"a":0,"k":0,"ix":4},"sa":{"a":0,"k":0,"ix":5},"nm":"Transform"}],"nm":"Group 1","np":2,"cix":2,"bm":0,"ix":1,"mn":"ADBE Vector Group","hd":false},{"ty":"gr","it":[{"ind":0,"ty":"sh","ix":1,"ks":{"a":0,"k":{"i":[[-5.753,-3.012],[-3.687,7.04],[5.753,3.012],[3.686,-7.04]],"o":[[5.752,3.013],[3.686,-7.04],[-5.752,-3.013],[-3.687,7.04]],"v":[[-6.674,12.746],[10.416,5.453],[6.675,-12.747],[-10.415,-5.453]],"c":true},"ix":2},"nm":"Path 1","mn":"ADBE Vector Shape - Group","hd":false},{"ty":"fl","c":{"a":0,"k":[0.836017922794,0.836017922794,0.829386991613,1],"ix":4},"o":{"a":0,"k":100,"ix":5},"r":1,"bm":0,"nm":"Fill 1","mn":"ADBE Vector Graphic - Fill","hd":false},{"ty":"tr","p":{"a":0,"k":[829.88,707.004],"ix":2},"a":{"a":0,"k":[0,0],"ix":1},"s":{"a":0,"k":[100,100],"ix":3},"r":{"a":0,"k":0,"ix":6},"o":{"a":0,"k":100,"ix":7},"sk":{"a":0,"k":0,"ix":4},"sa":{"a":0,"k":0,"ix":5},"nm":"Transform"}],"nm":"Group 2","np":2,"cix":2,"bm":0,"ix":2,"mn":"ADBE Vector Group","hd":false},{"ty":"gr","it":[{"ind":0,"ty":"sh","ix":1,"ks":{"a":0,"k":{"i":[[-21.187,0],[0,21.187],[21.187,0],[0,-21.188]],"o":[[21.187,0],[0,-21.188],[-21.187,0],[0,21.187]],"v":[[0,38.362],[38.362,0],[0,-38.362],[-38.362,0]],"c":true},"ix":2},"nm":"Path 1","mn":"ADBE Vector Shape - Group","hd":false},{"ty":"fl","c":{"a":0,"k":[0.736496510225,0.736496510225,0.736496510225,1],"ix":4},"o":{"a":0,"k":100,"ix":5},"r":1,"bm":0,"nm":"Fill 1","mn":"ADBE Vector Graphic - Fill","hd":false},{"ty":"tr","p":{"a":0,"k":[839.467,716.149],"ix":2},"a":{"a":0,"k":[0,0],"ix":1},"s":{"a":0,"k":[100,100],"ix":3},"r":{"a":0,"k":0,"ix":6},"o":{"a":0,"k":100,"ix":7},"sk":{"a":0,"k":0,"ix":4},"sa":{"a":0,"k":0,"ix":5},"nm":"Transform"}],"nm":"Group 3","np":2,"cix":2,"bm":0,"ix":3,"mn":"ADBE Vector Group","hd":false},{"ty":"gr","it":[{"ind":0,"ty":"sh","ix":1,"ks":{"a":0,"k":{"i":[[25.363,0],[0,-25.364],[-25.364,0],[0,25.363]],"o":[[-25.364,0],[0,25.363],[25.363,0],[0,-25.364]],"v":[[0,-45.926],[-45.926,0],[0,45.925],[45.925,0]],"c":true},"ix":2},"nm":"Path 1","mn":"ADBE Vector Shape - Group","hd":false},{"ty":"fl","c":{"a":0,"k":[0.818008722044,0.549761962891,0.308998347264,1],"ix":4},"o":{"a":0,"k":100,"ix":5},"r":1,"bm":0,"nm":"Fill 1","mn":"ADBE Vector Graphic - Fill","hd":false},{"ty":"tr","p":{"a":0,"k":[848.517,720.872],"ix":2},"a":{"a":0,"k":[0,0],"ix":1},"s":{"a":0,"k":[100,100],"ix":3},"r":{"a":0,"k":0,"ix":6},"o":{"a":0,"k":100,"ix":7},"sk":{"a":0,"k":0,"ix":4},"sa":{"a":0,"k":0,"ix":5},"nm":"Transform"}],"nm":"Group 4","np":2,"cix":2,"bm":0,"ix":4,"mn":"ADBE Vector Group","hd":false},{"ty":"gr","it":[{"ind":0,"ty":"sh","ix":1,"ks":{"a":0,"k":{"i":[[7.114,0],[0,0],[0,42.281],[-42.281,0],[0,0],[0,-7.114],[0,0]],"o":[[0,0],[-42.281,0],[0,-42.28],[0,0],[7.114,0],[0,0],[0,7.114]],"v":[[98.201,76.555],[-34.528,76.555],[-111.083,0],[-34.528,-76.555],[98.201,-76.555],[111.083,-63.674],[111.083,63.673]],"c":true},"ix":2},"nm":"Path 1","mn":"ADBE Vector Shape - Group","hd":false},{"ty":"st","c":{"a":0,"k":[0.174418864531,0.204731974882,0.278676081639,1],"ix":3},"o":{"a":0,"k":100,"ix":4},"w":{"a":0,"k":9,"ix":5},"lc":2,"lj":2,"bm":0,"nm":"Stroke 1","mn":"ADBE Vector Graphic - Stroke","hd":false},{"ty":"tr","p":{"a":0,"k":[866.726,716.15],"ix":2},"a":{"a":0,"k":[0,0],"ix":1},"s":{"a":0,"k":[100,100],"ix":3},"r":{"a":0,"k":0,"ix":6},"o":{"a":0,"k":100,"ix":7},"sk":{"a":0,"k":0,"ix":4},"sa":{"a":0,"k":0,"ix":5},"nm":"Transform"}],"nm":"Group 5","np":2,"cix":2,"bm":0,"ix":5,"mn":"ADBE Vector Group","hd":false},{"ty":"gr","it":[{"ind":0,"ty":"sh","ix":1,"ks":{"a":0,"k":{"i":[[0,23.172],[0,0],[-42.281,0],[0,0],[0,0],[7.114,0],[0,0],[0,-42.281],[-28.186,-11.296]],"o":[[0,0],[0,-42.279],[0,0],[0,0],[0,-7.115],[0,0],[-42.279,0],[0,32.221],[-16.265,-14.039]],"v":[[-89.555,15.85],[-89.555,15.85],[-13,-60.705],[111.083,-60.705],[111.083,-60.931],[98.201,-73.812],[-34.529,-73.812],[-111.083,2.743],[-62.98,73.812]],"c":true},"ix":2},"nm":"Path 1","mn":"ADBE Vector Shape - Group","hd":false},{"ty":"fl","c":{"a":0,"k":[0.977253753064,0.739333268708,0.498574320475,1],"ix":4},"o":{"a":0,"k":100,"ix":5},"r":1,"bm":0,"nm":"Fill 1","mn":"ADBE Vector Graphic - Fill","hd":false},{"ty":"tr","p":{"a":0,"k":[866.726,713.407],"ix":2},"a":{"a":0,"k":[0,0],"ix":1},"s":{"a":0,"k":[100,100],"ix":3},"r":{"a":0,"k":0,"ix":6},"o":{"a":0,"k":100,"ix":7},"sk":{"a":0,"k":0,"ix":4},"sa":{"a":0,"k":0,"ix":5},"nm":"Transform"}],"nm":"Group 6","np":2,"cix":2,"bm":0,"ix":6,"mn":"ADBE Vector Group","hd":false},{"ty":"gr","it":[{"ind":0,"ty":"sh","ix":1,"ks":{"a":0,"k":{"i":[[7.114,0],[0,0],[0,42.281],[-42.281,0],[0,0],[0,-7.114],[0,0]],"o":[[0,0],[-42.281,0],[0,-42.28],[0,0],[7.114,0],[0,0],[0,7.114]],"v":[[98.201,76.555],[-34.528,76.555],[-111.083,0],[-34.528,-76.555],[98.201,-76.555],[111.083,-63.674],[111.083,63.673]],"c":true},"ix":2},"nm":"Path 1","mn":"ADBE Vector Shape - Group","hd":false},{"ty":"fl","c":{"a":0,"k":[0.854979092467,0.576305494121,0.305220211253,1],"ix":4},"o":{"a":0,"k":100,"ix":5},"r":1,"bm":0,"nm":"Fill 1","mn":"ADBE Vector Graphic - Fill","hd":false},{"ty":"tr","p":{"a":0,"k":[866.726,716.15],"ix":2},"a":{"a":0,"k":[0,0],"ix":1},"s":{"a":0,"k":[100,100],"ix":3},"r":{"a":0,"k":0,"ix":6},"o":{"a":0,"k":100,"ix":7},"sk":{"a":0,"k":0,"ix":4},"sa":{"a":0,"k":0,"ix":5},"nm":"Transform"}],"nm":"Group 7","np":2,"cix":2,"bm":0,"ix":7,"mn":"ADBE Vector Group","hd":false},{"ty":"gr","it":[{"ind":0,"ty":"sh","ix":1,"ks":{"a":0,"k":{"i":[[3.571,0],[0,0],[0,3.57],[-3.571,0],[0,0],[0,-3.571]],"o":[[0,0],[-3.571,0],[0,-3.571],[0,0],[3.571,0],[0,3.57]],"v":[[-247.809,-239.213],[-282.352,-239.213],[-288.816,-245.677],[-282.352,-252.141],[-247.809,-252.141],[-241.345,-245.677]],"c":true},"ix":2},"nm":"Path 1","mn":"ADBE Vector Shape - Group","hd":false},{"ind":1,"ty":"sh","ix":2,"ks":{"a":0,"k":{"i":[[3.57,0],[0,0],[0,3.57],[-3.571,0],[0,0],[0,-3.571]],"o":[[0,0],[-3.571,0],[0,-3.571],[0,0],[3.57,0],[0,3.57]],"v":[[-178.727,-239.213],[-213.267,-239.213],[-219.732,-245.677],[-213.267,-252.141],[-178.727,-252.141],[-172.262,-245.677]],"c":true},"ix":2},"nm":"Path 2","mn":"ADBE Vector Shape - Group","hd":false},{"ind":2,"ty":"sh","ix":3,"ks":{"a":0,"k":{"i":[[3.571,0],[0,0],[0,3.57],[-3.571,0],[0,0],[0,-3.571]],"o":[[0,0],[-3.571,0],[0,-3.571],[0,0],[3.571,0],[0,3.57]],"v":[[-109.645,-239.213],[-144.185,-239.213],[-150.65,-245.677],[-144.185,-252.141],[-109.645,-252.141],[-103.179,-245.677]],"c":true},"ix":2},"nm":"Path 3","mn":"ADBE Vector Shape - Group","hd":false},{"ind":3,"ty":"sh","ix":4,"ks":{"a":0,"k":{"i":[[3.571,0],[0,0],[0,3.57],[-3.571,0],[0,0],[0,-3.571]],"o":[[0,0],[-3.571,0],[0,-3.571],[0,0],[3.571,0],[0,3.57]],"v":[[-40.56,-239.213],[-75.102,-239.213],[-81.566,-245.677],[-75.102,-252.141],[-40.56,-252.141],[-34.096,-245.677]],"c":true},"ix":2},"nm":"Path 4","mn":"ADBE Vector Shape - Group","hd":false},{"ind":4,"ty":"sh","ix":5,"ks":{"a":0,"k":{"i":[[3.57,0],[0,0],[0,3.57],[-3.57,0],[0,0],[0,-3.571]],"o":[[0,0],[-3.57,0],[0,-3.571],[0,0],[3.57,0],[0,3.57]],"v":[[28.523,-239.213],[-6.02,-239.213],[-12.484,-245.677],[-6.02,-252.141],[28.523,-252.141],[34.987,-245.677]],"c":true},"ix":2},"nm":"Path 5","mn":"ADBE Vector Shape - Group","hd":false},{"ind":5,"ty":"sh","ix":6,"ks":{"a":0,"k":{"i":[[3.571,0],[0,0],[0,3.57],[-3.57,0],[0,0],[0,-3.571]],"o":[[0,0],[-3.57,0],[0,-3.571],[0,0],[3.571,0],[0,3.57]],"v":[[97.606,-239.213],[63.065,-239.213],[56.599,-245.677],[63.065,-252.141],[97.606,-252.141],[104.07,-245.677]],"c":true},"ix":2},"nm":"Path 6","mn":"ADBE Vector Shape - Group","hd":false},{"ind":6,"ty":"sh","ix":7,"ks":{"a":0,"k":{"i":[[3.57,0],[0,0],[0,3.57],[-3.571,0],[0,0],[0,-3.571]],"o":[[0,0],[-3.571,0],[0,-3.571],[0,0],[3.57,0],[0,3.57]],"v":[[166.688,-239.213],[132.148,-239.213],[125.682,-245.677],[132.148,-252.141],[166.688,-252.141],[173.154,-245.677]],"c":true},"ix":2},"nm":"Path 7","mn":"ADBE Vector Shape - Group","hd":false},{"ind":7,"ty":"sh","ix":8,"ks":{"a":0,"k":{"i":[[3.57,0],[0,0],[0,3.57],[-3.57,0],[0,0],[0,-3.571]],"o":[[0,0],[-3.57,0],[0,-3.571],[0,0],[3.57,0],[0,3.57]],"v":[[235.773,-239.213],[201.231,-239.213],[194.766,-245.677],[201.231,-252.141],[235.773,-252.141],[242.237,-245.677]],"c":true},"ix":2},"nm":"Path 8","mn":"ADBE Vector Shape - Group","hd":false},{"ind":8,"ty":"sh","ix":9,"ks":{"a":0,"k":{"i":[[3.571,0],[0,0],[0,3.57],[-3.57,0],[0,0],[0,-3.571]],"o":[[0,0],[-3.57,0],[0,-3.571],[0,0],[3.571,0],[0,3.57]],"v":[[304.855,-239.213],[270.313,-239.213],[263.849,-245.677],[270.313,-252.141],[304.855,-252.141],[311.32,-245.677]],"c":true},"ix":2},"nm":"Path 9","mn":"ADBE Vector Shape - Group","hd":false},{"ind":9,"ty":"sh","ix":10,"ks":{"a":0,"k":{"i":[[0.946,0],[1.118,2.305],[-3.214,1.557],[-10.4,0.001],[0,0],[0,-3.571],[3.571,0],[0,0],[7.522,-3.645]],"o":[[-2.4,0],[-1.558,-3.212],[9.293,-4.505],[0,0],[3.571,0],[0,3.57],[0,0],[-8.43,0.001],[-0.907,0.441]],"v":[[-350.491,-233.068],[-356.313,-236.714],[-353.315,-245.35],[-323.638,-252.141],[-316.893,-252.141],[-310.428,-245.677],[-316.893,-239.213],[-323.637,-239.213],[-347.677,-233.716]],"c":true},"ix":2},"nm":"Path 10","mn":"ADBE Vector Shape - Group","hd":false},{"ind":10,"ty":"sh","ix":11,"ks":{"a":0,"k":{"i":[[1.589,0],[1.273,1.35],[10.018,2.609],[-0.899,3.456],[-3.457,-0.893],[-8.812,-9.357],[2.6,-2.448]],"o":[[-1.72,0],[-7.14,-7.585],[-3.455,-0.9],[0.901,-3.454],[12.372,3.223],[2.447,2.6],[-1.248,1.176]],"v":[[368.527,-219.82],[363.818,-221.852],[337.591,-237.433],[332.966,-245.32],[340.852,-249.945],[373.232,-230.716],[372.958,-221.578]],"c":true},"ix":2},"nm":"Path 11","mn":"ADBE Vector Shape - Group","hd":false},{"ind":11,"ty":"sh","ix":12,"ks":{"a":0,"k":{"i":[[3.57,0],[0,3.571],[0,0],[-6.805,10.829],[-3.021,-1.901],[1.901,-3.023],[0,-10.412],[0,0]],"o":[[-3.571,0],[0,0],[0,-12.849],[1.901,-3.024],[3.023,1.899],[-5.509,8.766],[0,0],[0,3.571]],"v":[[-385.288,-177.302],[-391.753,-183.768],[-391.753,-184.023],[-381.352,-220.217],[-372.438,-222.253],[-370.404,-213.339],[-378.824,-184.023],[-378.824,-183.768]],"c":true},"ix":2},"nm":"Path 12","mn":"ADBE Vector Shape - Group","hd":false},{"ind":12,"ty":"sh","ix":13,"ks":{"a":0,"k":{"i":[[3.571,0],[0,3.571],[0,0],[0.687,3.505],[-3.503,0.688],[-0.688,-3.505],[0,-4.439],[0,0]],"o":[[-3.571,0],[0,0],[0,-3.605],[-0.689,-3.503],[3.496,-0.683],[0.85,4.324],[0,0],[0,3.571]],"v":[[385.289,-155.057],[378.826,-161.521],[378.826,-184.023],[377.787,-194.739],[382.883,-202.328],[390.474,-197.23],[391.753,-184.023],[391.753,-161.521]],"c":true},"ix":2},"nm":"Path 13","mn":"ADBE Vector Shape - Group","hd":false},{"ind":13,"ty":"sh","ix":14,"ks":{"a":0,"k":{"i":[[3.57,0],[0,3.571],[0,0],[-3.571,0],[0,-3.57],[0,0]],"o":[[-3.571,0],[0,0],[0,-3.57],[3.57,0],[0,0],[0,3.571]],"v":[[-385.288,-108.219],[-391.753,-114.683],[-391.753,-149.226],[-385.288,-155.69],[-378.824,-149.226],[-378.824,-114.683]],"c":true},"ix":2},"nm":"Path 14","mn":"ADBE Vector Shape - Group","hd":false},{"ind":14,"ty":"sh","ix":15,"ks":{"a":0,"k":{"i":[[3.571,0],[0,3.572],[0,0],[-3.571,0],[0,-3.57],[0,0]],"o":[[-3.571,0],[0,0],[0,-3.57],[3.571,0],[0,0],[0,3.572]],"v":[[385.289,-85.974],[378.826,-92.44],[378.826,-126.98],[385.289,-133.445],[391.753,-126.98],[391.753,-92.44]],"c":true},"ix":2},"nm":"Path 15","mn":"ADBE Vector Shape - Group","hd":false},{"ind":15,"ty":"sh","ix":16,"ks":{"a":0,"k":{"i":[[3.57,0],[0,3.571],[0,0],[-3.571,0],[0,-3.571],[0,0]],"o":[[-3.571,0],[0,0],[0,-3.571],[3.57,0],[0,0],[0,3.571]],"v":[[-385.288,-39.136],[-391.753,-45.602],[-391.753,-80.143],[-385.288,-86.608],[-378.824,-80.143],[-378.824,-45.602]],"c":true},"ix":2},"nm":"Path 16","mn":"ADBE Vector Shape - Group","hd":false},{"ind":16,"ty":"sh","ix":17,"ks":{"a":0,"k":{"i":[[3.571,0],[0,3.571],[0,0],[-3.571,0],[0,-3.571],[0,0]],"o":[[-3.571,0],[0,0],[0,-3.571],[3.571,0],[0,0],[0,3.571]],"v":[[385.289,-16.891],[378.826,-23.356],[378.826,-57.896],[385.289,-64.36],[391.753,-57.896],[391.753,-23.356]],"c":true},"ix":2},"nm":"Path 17","mn":"ADBE Vector Shape - Group","hd":false},{"ind":17,"ty":"sh","ix":18,"ks":{"a":0,"k":{"i":[[3.57,0],[0,3.571],[0,0],[-3.571,0],[0,-3.571],[0,0]],"o":[[-3.571,0],[0,0],[0,-3.571],[3.57,0],[0,0],[0,3.571]],"v":[[-385.288,29.948],[-391.753,23.482],[-391.753,-11.058],[-385.288,-17.524],[-378.824,-11.058],[-378.824,23.482]],"c":true},"ix":2},"nm":"Path 18","mn":"ADBE Vector Shape - Group","hd":false},{"ind":18,"ty":"sh","ix":19,"ks":{"a":0,"k":{"i":[[3.571,0],[0,3.571],[0,0],[-3.571,0],[0,-3.57],[0,0]],"o":[[-3.571,0],[0,0],[0,-3.57],[3.571,0],[0,0],[0,3.571]],"v":[[385.289,52.191],[378.826,45.727],[378.826,11.185],[385.289,4.722],[391.753,11.185],[391.753,45.727]],"c":true},"ix":2},"nm":"Path 19","mn":"ADBE Vector Shape - Group","hd":false},{"ind":19,"ty":"sh","ix":20,"ks":{"a":0,"k":{"i":[[3.57,0],[0,3.571],[0,0],[-3.571,0],[0,-3.57],[0,0]],"o":[[-3.571,0],[0,0],[0,-3.57],[3.57,0],[0,0],[0,3.571]],"v":[[-385.288,99.029],[-391.753,92.565],[-391.753,58.023],[-385.288,51.559],[-378.824,58.023],[-378.824,92.565]],"c":true},"ix":2},"nm":"Path 20","mn":"ADBE Vector Shape - Group","hd":false},{"ind":20,"ty":"sh","ix":21,"ks":{"a":0,"k":{"i":[[3.571,0],[0,3.572],[0,0],[-3.571,0],[0,-3.57],[0,0]],"o":[[-3.571,0],[0,0],[0,-3.57],[3.571,0],[0,0],[0,3.572]],"v":[[385.289,121.276],[378.826,114.81],[378.826,80.269],[385.289,73.805],[391.753,80.269],[391.753,114.81]],"c":true},"ix":2},"nm":"Path 21","mn":"ADBE Vector Shape - Group","hd":false},{"ind":21,"ty":"sh","ix":22,"ks":{"a":0,"k":{"i":[[3.57,0],[0,3.572],[0,0],[-3.571,0],[0,-3.57],[0,0]],"o":[[-3.571,0],[0,0],[0,-3.57],[3.57,0],[0,0],[0,3.572]],"v":[[-385.288,168.113],[-391.753,161.648],[-391.753,127.107],[-385.288,120.642],[-378.824,127.107],[-378.824,161.648]],"c":true},"ix":2},"nm":"Path 22","mn":"ADBE Vector Shape - Group","hd":false},{"ind":22,"ty":"sh","ix":23,"ks":{"a":0,"k":{"i":[[3.571,0],[0,3.571],[0,0],[-3.571,0],[0,-3.571],[0,0]],"o":[[-3.571,0],[0,0],[0,-3.571],[3.571,0],[0,0],[0,3.571]],"v":[[385.289,190.359],[378.826,183.893],[378.826,149.352],[385.289,142.888],[391.753,149.352],[391.753,183.893]],"c":true},"ix":2},"nm":"Path 23","mn":"ADBE Vector Shape - Group","hd":false},{"ind":23,"ty":"sh","ix":24,"ks":{"a":0,"k":{"i":[[1.593,0],[1.272,1.345],[2.495,12.545],[-3.503,0.697],[-0.696,-3.502],[-7.155,-7.566],[2.594,-2.453]],"o":[[-1.716,0],[-8.83,-9.338],[-0.696,-3.501],[3.5,-0.695],[2.019,10.154],[2.453,2.595],[-1.25,1.182]],"v":[[-368.436,232.841],[-373.135,230.818],[-390.445,197.368],[-385.364,189.767],[-377.764,194.849],[-363.741,221.934],[-363.996,231.073]],"c":true},"ix":2},"nm":"Path 24","mn":"ADBE Vector Shape - Group","hd":false},{"ind":24,"ty":"sh","ix":25,"ks":{"a":0,"k":{"i":[[0.95,0],[1.118,2.298],[-3.21,1.564],[-5.513,8.817],[-3.026,-1.892],[1.893,-3.027],[11.506,-5.607]],"o":[[-2.396,0],[-1.564,-3.209],[9.325,-4.547],[1.895,-3.026],[3.026,1.895],[-6.799,10.871],[-0.912,0.444]],"v":[[350.618,245.943],[344.802,242.308],[347.781,233.667],[370.464,213.241],[379.375,211.188],[381.427,220.099],[353.445,245.287]],"c":true},"ix":2},"nm":"Path 25","mn":"ADBE Vector Shape - Group","hd":false},{"ind":25,"ty":"sh","ix":26,"ks":{"a":0,"k":{"i":[[3.57,0],[0,0],[5.55,1.434],[-0.893,3.457],[-3.453,-0.891],[-4.689,0],[0,0],[0,-3.572]],"o":[[0,0],[-5.778,0],[-3.457,-0.89],[0.892,-3.458],[4.496,1.161],[0,0],[3.57,0],[0,3.57]],"v":[[-304.727,252.141],[-323.637,252.141],[-340.712,249.979],[-345.354,242.104],[-337.48,237.462],[-323.637,239.211],[-304.727,239.211],[-298.262,245.677]],"c":true},"ix":2},"nm":"Path 26","mn":"ADBE Vector Shape - Group","hd":false},{"ind":26,"ty":"sh","ix":27,"ks":{"a":0,"k":{"i":[[3.57,0],[0,0],[0,3.57],[-3.571,0],[0,0],[0,-3.572]],"o":[[0,0],[-3.571,0],[0,-3.572],[0,0],[3.57,0],[0,3.57]],"v":[[-235.642,252.141],[-270.185,252.141],[-276.65,245.677],[-270.185,239.211],[-235.642,239.211],[-229.178,245.677]],"c":true},"ix":2},"nm":"Path 27","mn":"ADBE Vector Shape - Group","hd":false},{"ind":27,"ty":"sh","ix":28,"ks":{"a":0,"k":{"i":[[3.571,0],[0,0],[0,3.57],[-3.571,0],[0,0],[0,-3.572]],"o":[[0,0],[-3.571,0],[0,-3.572],[0,0],[3.571,0],[0,3.57]],"v":[[-166.56,252.141],[-201.102,252.141],[-207.566,245.677],[-201.102,239.211],[-166.56,239.211],[-160.095,245.677]],"c":true},"ix":2},"nm":"Path 28","mn":"ADBE Vector Shape - Group","hd":false},{"ind":28,"ty":"sh","ix":29,"ks":{"a":0,"k":{"i":[[3.571,0],[0,0],[0,3.57],[-3.571,0],[0,0],[0,-3.572]],"o":[[0,0],[-3.571,0],[0,-3.572],[0,0],[3.571,0],[0,3.57]],"v":[[-97.477,252.141],[-132.018,252.141],[-138.483,245.677],[-132.018,239.211],[-97.477,239.211],[-91.012,245.677]],"c":true},"ix":2},"nm":"Path 29","mn":"ADBE Vector Shape - Group","hd":false},{"ind":29,"ty":"sh","ix":30,"ks":{"a":0,"k":{"i":[[3.57,0],[0,0],[0,3.57],[-3.57,0],[0,0],[0,-3.572]],"o":[[0,0],[-3.57,0],[0,-3.572],[0,0],[3.57,0],[0,3.57]],"v":[[-28.393,252.141],[-62.935,252.141],[-69.399,245.677],[-62.935,239.211],[-28.393,239.211],[-21.929,245.677]],"c":true},"ix":2},"nm":"Path 30","mn":"ADBE Vector Shape - Group","hd":false},{"ind":30,"ty":"sh","ix":31,"ks":{"a":0,"k":{"i":[[3.571,0],[0,0],[0,3.57],[-3.571,0],[0,0],[0,-3.572]],"o":[[0,0],[-3.571,0],[0,-3.572],[0,0],[3.571,0],[0,3.57]],"v":[[40.69,252.141],[6.148,252.141],[-0.318,245.677],[6.148,239.211],[40.69,239.211],[47.154,245.677]],"c":true},"ix":2},"nm":"Path 31","mn":"ADBE Vector Shape - Group","hd":false},{"ind":31,"ty":"sh","ix":32,"ks":{"a":0,"k":{"i":[[3.57,0],[0,0],[0,3.57],[-3.571,0],[0,0],[0,-3.572]],"o":[[0,0],[-3.571,0],[0,-3.572],[0,0],[3.57,0],[0,3.57]],"v":[[109.773,252.141],[75.232,252.141],[68.766,245.677],[75.232,239.211],[109.773,239.211],[116.237,245.677]],"c":true},"ix":2},"nm":"Path 32","mn":"ADBE Vector Shape - Group","hd":false},{"ind":32,"ty":"sh","ix":33,"ks":{"a":0,"k":{"i":[[3.57,0],[0,0],[0,3.57],[-3.57,0],[0,0],[0,-3.572]],"o":[[0,0],[-3.57,0],[0,-3.572],[0,0],[3.57,0],[0,3.57]],"v":[[178.857,252.141],[144.313,252.141],[137.849,245.677],[144.313,239.211],[178.857,239.211],[185.32,245.677]],"c":true},"ix":2},"nm":"Path 33","mn":"ADBE Vector Shape - Group","hd":false},{"ind":33,"ty":"sh","ix":34,"ks":{"a":0,"k":{"i":[[3.571,0],[0,0],[0,3.57],[-3.57,0],[0,0],[0,-3.572]],"o":[[0,0],[-3.57,0],[0,-3.572],[0,0],[3.571,0],[0,3.57]],"v":[[247.938,252.141],[213.398,252.141],[206.932,245.677],[213.398,239.211],[247.938,239.211],[254.404,245.677]],"c":true},"ix":2},"nm":"Path 34","mn":"ADBE Vector Shape - Group","hd":false},{"ind":34,"ty":"sh","ix":35,"ks":{"a":0,"k":{"i":[[3.57,0],[0,0],[0,3.57],[-3.57,0],[0,0],[0,-3.572]],"o":[[0,0],[-3.57,0],[0,-3.572],[0,0],[3.57,0],[0,3.57]],"v":[[317.022,252.141],[282.479,252.141],[276.016,245.677],[282.479,239.211],[317.022,239.211],[323.487,245.677]],"c":true},"ix":2},"nm":"Path 35","mn":"ADBE Vector Shape - Group","hd":false},{"ty":"mm","mm":1,"nm":"Merge Paths 1","mn":"ADBE Vector Filter - Merge","hd":false},{"ty":"fl","c":{"a":0,"k":[0.174418864531,0.204731974882,0.278676081639,1],"ix":4},"o":{"a":0,"k":100,"ix":5},"r":1,"bm":0,"nm":"Fill 1","mn":"ADBE Vector Graphic - Fill","hd":false},{"ty":"tr","p":{"a":0,"k":[524.974,716.15],"ix":2},"a":{"a":0,"k":[0,0],"ix":1},"s":{"a":0,"k":[100,100],"ix":3},"r":{"a":0,"k":0,"ix":6},"o":{"a":0,"k":100,"ix":7},"sk":{"a":0,"k":0,"ix":4},"sa":{"a":0,"k":0,"ix":5},"nm":"Transform"}],"nm":"Group 8","np":37,"cix":2,"bm":0,"ix":8,"mn":"ADBE Vector Group","hd":false},{"ty":"gr","it":[{"ind":0,"ty":"sh","ix":1,"ks":{"a":0,"k":{"i":[[0,5.704],[5.703,0],[0,0],[0,-5.703],[-5.703,0],[0,0]],"o":[[0,-5.703],[0,0],[-5.703,0],[0,5.704],[0,0],[5.703,0]],"v":[[27.614,0],[17.271,-10.343],[-17.271,-10.343],[-27.614,0],[-17.271,10.343],[17.271,10.343]],"c":true},"ix":2},"nm":"Path 1","mn":"ADBE Vector Shape - Group","hd":false},{"ty":"fl","c":{"a":0,"k":[0.873935415231,0.605688416724,0.342166885675,1],"ix":4},"o":{"a":0,"k":100,"ix":5},"r":1,"bm":0,"nm":"Fill 1","mn":"ADBE Vector Graphic - Fill","hd":false},{"ty":"tr","p":{"a":0,"k":[744.446,472.735],"ix":2},"a":{"a":0,"k":[0,0],"ix":1},"s":{"a":0,"k":[100,100],"ix":3},"r":{"a":0,"k":0,"ix":6},"o":{"a":0,"k":100,"ix":7},"sk":{"a":0,"k":0,"ix":4},"sa":{"a":0,"k":0,"ix":5},"nm":"Transform"}],"nm":"Group 9","np":2,"cix":2,"bm":0,"ix":9,"mn":"ADBE Vector Group","hd":false},{"ty":"gr","it":[{"ind":0,"ty":"sh","ix":1,"ks":{"a":0,"k":{"i":[[5.703,0],[0,0],[0,-5.703],[-5.703,0],[0,0],[0,5.703]],"o":[[0,0],[-5.703,0],[0,5.703],[0,0],[5.703,0],[0,-5.703]],"v":[[17.271,-10.344],[-17.271,-10.344],[-27.615,0],[-17.271,10.344],[17.271,10.344],[27.615,0]],"c":true},"ix":2},"nm":"Path 1","mn":"ADBE Vector Shape - Group","hd":false},{"ty":"fl","c":{"a":0,"k":[0.873935415231,0.605688416724,0.342166885675,1],"ix":4},"o":{"a":0,"k":100,"ix":5},"r":1,"bm":0,"nm":"Fill 1","mn":"ADBE Vector Graphic - Fill","hd":false},{"ty":"tr","p":{"a":0,"k":[756.612,964.089],"ix":2},"a":{"a":0,"k":[0,0],"ix":1},"s":{"a":0,"k":[100,100],"ix":3},"r":{"a":0,"k":0,"ix":6},"o":{"a":0,"k":100,"ix":7},"sk":{"a":0,"k":0,"ix":4},"sa":{"a":0,"k":0,"ix":5},"nm":"Transform"}],"nm":"Group 10","np":2,"cix":2,"bm":0,"ix":10,"mn":"ADBE Vector Group","hd":false},{"ty":"gr","it":[{"ind":0,"ty":"sh","ix":1,"ks":{"a":0,"k":{"i":[[0,5.704],[5.704,0],[0,0],[0,-5.703],[-5.703,0],[0,0]],"o":[[0,-5.703],[0,0],[-5.703,0],[0,5.704],[0,0],[5.704,0]],"v":[[27.615,0],[17.27,-10.343],[-17.272,-10.343],[-27.615,0],[-17.272,10.343],[17.27,10.343]],"c":true},"ix":2},"nm":"Path 1","mn":"ADBE Vector Shape - Group","hd":false},{"ty":"fl","c":{"a":0,"k":[0.873935415231,0.605688416724,0.342166885675,1],"ix":4},"o":{"a":0,"k":100,"ix":5},"r":1,"bm":0,"nm":"Fill 1","mn":"ADBE Vector Graphic - Fill","hd":false},{"ty":"tr","p":{"a":0,"k":[813.529,472.735],"ix":2},"a":{"a":0,"k":[0,0],"ix":1},"s":{"a":0,"k":[100,100],"ix":3},"r":{"a":0,"k":0,"ix":6},"o":{"a":0,"k":100,"ix":7},"sk":{"a":0,"k":0,"ix":4},"sa":{"a":0,"k":0,"ix":5},"nm":"Transform"}],"nm":"Group 11","np":2,"cix":2,"bm":0,"ix":11,"mn":"ADBE Vector Group","hd":false},{"ty":"gr","it":[{"ind":0,"ty":"sh","ix":1,"ks":{"a":0,"k":{"i":[[0,5.704],[5.703,0],[0,0],[0,-5.703],[-5.703,0],[0,0]],"o":[[0,-5.703],[0,0],[-5.703,0],[0,5.704],[0,0],[5.703,0]],"v":[[27.615,0],[17.27,-10.343],[-17.271,-10.343],[-27.615,0],[-17.271,10.343],[17.27,10.343]],"c":true},"ix":2},"nm":"Path 1","mn":"ADBE Vector Shape - Group","hd":false},{"ty":"fl","c":{"a":0,"k":[0.873935415231,0.605688416724,0.342166885675,1],"ix":4},"o":{"a":0,"k":100,"ix":5},"r":1,"bm":0,"nm":"Fill 1","mn":"ADBE Vector Graphic - Fill","hd":false},{"ty":"tr","p":{"a":0,"k":[606.279,472.735],"ix":2},"a":{"a":0,"k":[0,0],"ix":1},"s":{"a":0,"k":[100,100],"ix":3},"r":{"a":0,"k":0,"ix":6},"o":{"a":0,"k":100,"ix":7},"sk":{"a":0,"k":0,"ix":4},"sa":{"a":0,"k":0,"ix":5},"nm":"Transform"}],"nm":"Group 12","np":2,"cix":2,"bm":0,"ix":12,"mn":"ADBE Vector Group","hd":false},{"ty":"gr","it":[{"ind":0,"ty":"sh","ix":1,"ks":{"a":0,"k":{"i":[[5.703,0],[0,0],[0,-5.703],[-5.704,0],[0,0],[0,5.703]],"o":[[0,0],[-5.704,0],[0,5.703],[0,0],[5.703,0],[0,-5.703]],"v":[[17.271,-10.344],[-17.271,-10.344],[-27.615,0],[-17.271,10.344],[17.271,10.344],[27.615,0]],"c":true},"ix":2},"nm":"Path 1","mn":"ADBE Vector Shape - Group","hd":false},{"ty":"fl","c":{"a":0,"k":[0.873935415231,0.605688416724,0.342166885675,1],"ix":4},"o":{"a":0,"k":100,"ix":5},"r":1,"bm":0,"nm":"Fill 1","mn":"ADBE Vector Graphic - Fill","hd":false},{"ty":"tr","p":{"a":0,"k":[549.363,964.089],"ix":2},"a":{"a":0,"k":[0,0],"ix":1},"s":{"a":0,"k":[100,100],"ix":3},"r":{"a":0,"k":0,"ix":6},"o":{"a":0,"k":100,"ix":7},"sk":{"a":0,"k":0,"ix":4},"sa":{"a":0,"k":0,"ix":5},"nm":"Transform"}],"nm":"Group 13","np":2,"cix":2,"bm":0,"ix":13,"mn":"ADBE Vector Group","hd":false},{"ty":"gr","it":[{"ind":0,"ty":"sh","ix":1,"ks":{"a":0,"k":{"i":[[0,5.704],[5.703,0],[0,0],[0,-5.703],[-5.704,0],[0,0]],"o":[[0,-5.703],[0,0],[-5.704,0],[0,5.704],[0,0],[5.703,0]],"v":[[27.614,0],[17.271,-10.343],[-17.27,-10.343],[-27.614,0],[-17.27,10.343],[17.271,10.343]],"c":true},"ix":2},"nm":"Path 1","mn":"ADBE Vector Shape - Group","hd":false},{"ty":"fl","c":{"a":0,"k":[0.873935415231,0.605688416724,0.342166885675,1],"ix":4},"o":{"a":0,"k":100,"ix":5},"r":1,"bm":0,"nm":"Fill 1","mn":"ADBE Vector Graphic - Fill","hd":false},{"ty":"tr","p":{"a":0,"k":[675.362,472.735],"ix":2},"a":{"a":0,"k":[0,0],"ix":1},"s":{"a":0,"k":[100,100],"ix":3},"r":{"a":0,"k":0,"ix":6},"o":{"a":0,"k":100,"ix":7},"sk":{"a":0,"k":0,"ix":4},"sa":{"a":0,"k":0,"ix":5},"nm":"Transform"}],"nm":"Group 14","np":2,"cix":2,"bm":0,"ix":14,"mn":"ADBE Vector Group","hd":false},{"ty":"gr","it":[{"ind":0,"ty":"sh","ix":1,"ks":{"a":0,"k":{"i":[[5.703,0],[0,0],[0,-5.703],[-5.703,0],[0,0],[0,5.703]],"o":[[0,0],[-5.703,0],[0,5.703],[0,0],[5.703,0],[0,-5.703]],"v":[[17.271,-10.344],[-17.272,-10.344],[-27.615,0],[-17.272,10.344],[17.271,10.344],[27.615,0]],"c":true},"ix":2},"nm":"Path 1","mn":"ADBE Vector Shape - Group","hd":false},{"ty":"fl","c":{"a":0,"k":[0.873935415231,0.605688416724,0.342166885675,1],"ix":4},"o":{"a":0,"k":100,"ix":5},"r":1,"bm":0,"nm":"Fill 1","mn":"ADBE Vector Graphic - Fill","hd":false},{"ty":"tr","p":{"a":0,"k":[825.696,964.089],"ix":2},"a":{"a":0,"k":[0,0],"ix":1},"s":{"a":0,"k":[100,100],"ix":3},"r":{"a":0,"k":0,"ix":6},"o":{"a":0,"k":100,"ix":7},"sk":{"a":0,"k":0,"ix":4},"sa":{"a":0,"k":0,"ix":5},"nm":"Transform"}],"nm":"Group 15","np":2,"cix":2,"bm":0,"ix":15,"mn":"ADBE Vector Group","hd":false},{"ty":"gr","it":[{"ind":0,"ty":"sh","ix":1,"ks":{"a":0,"k":{"i":[[5.703,0],[0,0],[0,-5.703],[-5.703,0],[0,0],[0,5.703]],"o":[[0,0],[-5.703,0],[0,5.703],[0,0],[5.703,0],[0,-5.703]],"v":[[17.272,-10.344],[-17.271,-10.344],[-27.615,0],[-17.271,10.344],[17.272,10.344],[27.615,0]],"c":true},"ix":2},"nm":"Path 1","mn":"ADBE Vector Shape - Group","hd":false},{"ty":"fl","c":{"a":0,"k":[0.873935415231,0.605688416724,0.342166885675,1],"ix":4},"o":{"a":0,"k":100,"ix":5},"r":1,"bm":0,"nm":"Fill 1","mn":"ADBE Vector Graphic - Fill","hd":false},{"ty":"tr","p":{"a":0,"k":[687.529,964.089],"ix":2},"a":{"a":0,"k":[0,0],"ix":1},"s":{"a":0,"k":[100,100],"ix":3},"r":{"a":0,"k":0,"ix":6},"o":{"a":0,"k":100,"ix":7},"sk":{"a":0,"k":0,"ix":4},"sa":{"a":0,"k":0,"ix":5},"nm":"Transform"}],"nm":"Group 16","np":2,"cix":2,"bm":0,"ix":16,"mn":"ADBE Vector Group","hd":false},{"ty":"gr","it":[{"ind":0,"ty":"sh","ix":1,"ks":{"a":0,"k":{"i":[[0,5.704],[5.703,0],[0,0],[0,-5.703],[-5.703,0],[0,0]],"o":[[0,-5.703],[0,0],[-5.703,0],[0,5.704],[0,0],[5.703,0]],"v":[[27.615,0],[17.271,-10.343],[-17.272,-10.343],[-27.615,0],[-17.272,10.343],[17.271,10.343]],"c":true},"ix":2},"nm":"Path 1","mn":"ADBE Vector Shape - Group","hd":false},{"ty":"fl","c":{"a":0,"k":[0.873935415231,0.605688416724,0.342166885675,1],"ix":4},"o":{"a":0,"k":100,"ix":5},"r":1,"bm":0,"nm":"Fill 1","mn":"ADBE Vector Graphic - Fill","hd":false},{"ty":"tr","p":{"a":0,"k":[537.196,472.735],"ix":2},"a":{"a":0,"k":[0,0],"ix":1},"s":{"a":0,"k":[100,100],"ix":3},"r":{"a":0,"k":0,"ix":6},"o":{"a":0,"k":100,"ix":7},"sk":{"a":0,"k":0,"ix":4},"sa":{"a":0,"k":0,"ix":5},"nm":"Transform"}],"nm":"Group 17","np":2,"cix":2,"bm":0,"ix":17,"mn":"ADBE Vector Group","hd":false},{"ty":"gr","it":[{"ind":0,"ty":"sh","ix":1,"ks":{"a":0,"k":{"i":[[5.703,0],[0,-5.703],[0,0],[-5.703,0],[0,5.703],[0,0]],"o":[[-5.703,0],[0,0],[0,5.703],[5.703,0],[0,0],[0,-5.703]],"v":[[0,-27.614],[-10.344,-17.27],[-10.344,17.271],[0,27.614],[10.344,17.271],[10.344,-17.27]],"c":true},"ix":2},"nm":"Path 1","mn":"ADBE Vector Shape - Group","hd":false},{"ty":"fl","c":{"a":0,"k":[0.873935415231,0.605688416724,0.342166885675,1],"ix":4},"o":{"a":0,"k":100,"ix":5},"r":1,"bm":0,"nm":"Fill 1","mn":"ADBE Vector Graphic - Fill","hd":false},{"ty":"tr","p":{"a":0,"k":[911.234,677.787],"ix":2},"a":{"a":0,"k":[0,0],"ix":1},"s":{"a":0,"k":[100,100],"ix":3},"r":{"a":0,"k":0,"ix":6},"o":{"a":0,"k":100,"ix":7},"sk":{"a":0,"k":0,"ix":4},"sa":{"a":0,"k":0,"ix":5},"nm":"Transform"}],"nm":"Group 18","np":2,"cix":2,"bm":0,"ix":18,"mn":"ADBE Vector Group","hd":false},{"ty":"gr","it":[{"ind":0,"ty":"sh","ix":1,"ks":{"a":0,"k":{"i":[[5.703,0],[0,-5.703],[0,0],[-5.703,0],[0,5.703],[0,0]],"o":[[-5.703,0],[0,0],[0,5.703],[5.703,0],[0,0],[0,-5.703]],"v":[[0,-27.615],[-10.344,-17.27],[-10.344,17.271],[0,27.615],[10.344,17.271],[10.344,-17.27]],"c":true},"ix":2},"nm":"Path 1","mn":"ADBE Vector Shape - Group","hd":false},{"ty":"fl","c":{"a":0,"k":[0.873935415231,0.605688416724,0.342166885675,1],"ix":4},"o":{"a":0,"k":100,"ix":5},"r":1,"bm":0,"nm":"Fill 1","mn":"ADBE Vector Graphic - Fill","hd":false},{"ty":"tr","p":{"a":0,"k":[911.234,608.703],"ix":2},"a":{"a":0,"k":[0,0],"ix":1},"s":{"a":0,"k":[100,100],"ix":3},"r":{"a":0,"k":0,"ix":6},"o":{"a":0,"k":100,"ix":7},"sk":{"a":0,"k":0,"ix":4},"sa":{"a":0,"k":0,"ix":5},"nm":"Transform"}],"nm":"Group 19","np":2,"cix":2,"bm":0,"ix":19,"mn":"ADBE Vector Group","hd":false},{"ty":"gr","it":[{"ind":0,"ty":"sh","ix":1,"ks":{"a":0,"k":{"i":[[0.897,4.569],[4.932,0],[0.66,-0.129],[-1.099,-5.597],[0,-3.35],[0,0],[-5.703,0],[0,5.703],[0,0]],"o":[[-0.949,-4.838],[-0.664,0],[-5.595,1.098],[0.64,3.263],[0,0],[0,5.703],[5.703,0],[0,0],[0,-4.69]],"v":[[10.022,-19.225],[-0.128,-27.575],[-2.121,-27.38],[-10.276,-15.238],[-9.311,-5.271],[-9.311,17.232],[1.031,27.575],[11.375,17.232],[11.375,-5.271]],"c":true},"ix":2},"nm":"Path 1","mn":"ADBE Vector Shape - Group","hd":false},{"ty":"fl","c":{"a":0,"k":[0.873935415231,0.605688416724,0.342166885675,1],"ix":4},"o":{"a":0,"k":100,"ix":5},"r":1,"bm":0,"nm":"Fill 1","mn":"ADBE Vector Graphic - Fill","hd":false},{"ty":"tr","p":{"a":0,"k":[910.202,539.66],"ix":2},"a":{"a":0,"k":[0,0],"ix":1},"s":{"a":0,"k":[100,100],"ix":3},"r":{"a":0,"k":0,"ix":6},"o":{"a":0,"k":100,"ix":7},"sk":{"a":0,"k":0,"ix":4},"sa":{"a":0,"k":0,"ix":5},"nm":"Transform"}],"nm":"Group 20","np":2,"cix":2,"bm":0,"ix":20,"mn":"ADBE Vector Group","hd":false},{"ty":"gr","it":[{"ind":0,"ty":"sh","ix":1,"ks":{"a":0,"k":{"i":[[-2.84,0],[-1.927,1.814],[3.91,4.153],[13.088,3.409],[0.872,0],[1.187,-4.556],[-5.518,-1.438],[-6.64,-7.053]],"o":[[2.645,0],[4.151,-3.909],[-9.311,-9.889],[-0.851,-0.219],[-4.709,0],[-1.436,5.518],[9.31,2.424],[1.947,2.066]],"v":[[14.656,19.046],[21.745,16.233],[22.184,1.612],[-12.05,-18.714],[-14.647,-19.046],[-24.659,-11.309],[-17.257,1.308],[7.124,15.794]],"c":true},"ix":2},"nm":"Path 1","mn":"ADBE Vector Shape - Group","hd":false},{"ty":"fl","c":{"a":0,"k":[0.873935415231,0.605688416724,0.342166885675,1],"ix":4},"o":{"a":0,"k":100,"ix":5},"r":1,"bm":0,"nm":"Fill 1","mn":"ADBE Vector Graphic - Fill","hd":false},{"ty":"tr","p":{"a":0,"k":[879.815,483.425],"ix":2},"a":{"a":0,"k":[0,0],"ix":1},"s":{"a":0,"k":[100,100],"ix":3},"r":{"a":0,"k":0,"ix":6},"o":{"a":0,"k":100,"ix":7},"sk":{"a":0,"k":0,"ix":4},"sa":{"a":0,"k":0,"ix":5},"nm":"Transform"}],"nm":"Group 21","np":2,"cix":2,"bm":0,"ix":21,"mn":"ADBE Vector Group","hd":false},{"ty":"gr","it":[{"ind":0,"ty":"sh","ix":1,"ks":{"a":0,"k":{"i":[[4.835,3.025],[1.938,0],[1.905,-3.043],[8.673,-4.228],[0.901,-2.612],[-1.21,-2.481],[-3.932,0],[-1.426,0.694],[-7.187,11.488]],"o":[[-1.646,-1.03],[-3.591,0],[-5.126,8.198],[-2.483,1.209],[-0.9,2.61],[1.719,3.533],[1.578,0],[12.159,-5.926],[3.024,-4.835]],"v":[[17.594,-20.173],[12.116,-21.747],[3.339,-16.889],[-17.756,2.106],[-23.003,8.033],[-22.521,15.932],[-13.218,21.747],[-8.692,20.701],[20.879,-5.919]],"c":true},"ix":2},"nm":"Path 1","mn":"ADBE Vector Shape - Group","hd":false},{"ty":"fl","c":{"a":0,"k":[0.873935415231,0.605688416724,0.342166885675,1],"ix":4},"o":{"a":0,"k":100,"ix":5},"r":1,"bm":0,"nm":"Fill 1","mn":"ADBE Vector Graphic - Fill","hd":false},{"ty":"tr","p":{"a":0,"k":[889.781,946.487],"ix":2},"a":{"a":0,"k":[0,0],"ix":1},"s":{"a":0,"k":[100,100],"ix":3},"r":{"a":0,"k":0,"ix":6},"o":{"a":0,"k":100,"ix":7},"sk":{"a":0,"k":0,"ix":4},"sa":{"a":0,"k":0,"ix":5},"nm":"Transform"}],"nm":"Group 22","np":2,"cix":2,"bm":0,"ix":22,"mn":"ADBE Vector Group","hd":false},{"ty":"gr","it":[{"ind":0,"ty":"sh","ix":1,"ks":{"a":0,"k":{"i":[[5.703,0],[0,-5.704],[0,0],[-5.703,0],[0,5.703],[0,0]],"o":[[-5.703,0],[0,0],[0,5.703],[5.703,0],[0,0],[0,-5.704]],"v":[[0,-27.614],[-10.344,-17.27],[-10.344,17.271],[0,27.614],[10.344,17.271],[10.344,-17.27]],"c":true},"ix":2},"nm":"Path 1","mn":"ADBE Vector Shape - Group","hd":false},{"ty":"fl","c":{"a":0,"k":[0.873935415231,0.605688416724,0.342166885675,1],"ix":4},"o":{"a":0,"k":100,"ix":5},"r":1,"bm":0,"nm":"Fill 1","mn":"ADBE Vector Graphic - Fill","hd":false},{"ty":"tr","p":{"a":0,"k":[911.234,885.036],"ix":2},"a":{"a":0,"k":[0,0],"ix":1},"s":{"a":0,"k":[100,100],"ix":3},"r":{"a":0,"k":0,"ix":6},"o":{"a":0,"k":100,"ix":7},"sk":{"a":0,"k":0,"ix":4},"sa":{"a":0,"k":0,"ix":5},"nm":"Transform"}],"nm":"Group 23","np":2,"cix":2,"bm":0,"ix":23,"mn":"ADBE Vector Group","hd":false},{"ty":"gr","it":[{"ind":0,"ty":"sh","ix":1,"ks":{"a":0,"k":{"i":[[5.703,0],[0,-5.703],[0,0],[-5.703,0],[0,5.704],[0,0]],"o":[[-5.703,0],[0,0],[0,5.704],[5.703,0],[0,0],[0,-5.703]],"v":[[0,-27.614],[-10.344,-17.271],[-10.344,17.27],[0,27.614],[10.344,17.27],[10.344,-17.271]],"c":true},"ix":2},"nm":"Path 1","mn":"ADBE Vector Shape - Group","hd":false},{"ty":"fl","c":{"a":0,"k":[0.873935415231,0.605688416724,0.342166885675,1],"ix":4},"o":{"a":0,"k":100,"ix":5},"r":1,"bm":0,"nm":"Fill 1","mn":"ADBE Vector Graphic - Fill","hd":false},{"ty":"tr","p":{"a":0,"k":[911.234,746.87],"ix":2},"a":{"a":0,"k":[0,0],"ix":1},"s":{"a":0,"k":[100,100],"ix":3},"r":{"a":0,"k":0,"ix":6},"o":{"a":0,"k":100,"ix":7},"sk":{"a":0,"k":0,"ix":4},"sa":{"a":0,"k":0,"ix":5},"nm":"Transform"}],"nm":"Group 24","np":2,"cix":2,"bm":0,"ix":24,"mn":"ADBE Vector Group","hd":false},{"ty":"gr","it":[{"ind":0,"ty":"sh","ix":1,"ks":{"a":0,"k":{"i":[[5.703,0],[0,0],[0,-5.703],[-5.703,0],[0,0],[0,5.703]],"o":[[0,0],[-5.703,0],[0,5.703],[0,0],[5.703,0],[0,-5.703]],"v":[[17.271,-10.344],[-17.271,-10.344],[-27.614,0],[-17.271,10.344],[17.271,10.344],[27.614,0]],"c":true},"ix":2},"nm":"Path 1","mn":"ADBE Vector Shape - Group","hd":false},{"ty":"fl","c":{"a":0,"k":[0.873935415231,0.605688416724,0.342166885675,1],"ix":4},"o":{"a":0,"k":100,"ix":5},"r":1,"bm":0,"nm":"Fill 1","mn":"ADBE Vector Graphic - Fill","hd":false},{"ty":"tr","p":{"a":0,"k":[618.446,964.089],"ix":2},"a":{"a":0,"k":[0,0],"ix":1},"s":{"a":0,"k":[100,100],"ix":3},"r":{"a":0,"k":0,"ix":6},"o":{"a":0,"k":100,"ix":7},"sk":{"a":0,"k":0,"ix":4},"sa":{"a":0,"k":0,"ix":5},"nm":"Transform"}],"nm":"Group 25","np":2,"cix":2,"bm":0,"ix":25,"mn":"ADBE Vector Group","hd":false},{"ty":"gr","it":[{"ind":0,"ty":"sh","ix":1,"ks":{"a":0,"k":{"i":[[-7.838,0.001],[0,0],[0,5.703],[5.703,0],[0,0],[9.824,-4.763],[0.905,-2.609],[-1.206,-2.485],[-3.939,0],[-1.418,0.688]],"o":[[0,0],[5.703,0],[0,-5.703],[0,0],[-10.991,0.002],[-2.487,1.206],[-0.906,2.612],[1.717,3.544],[1.572,0],[6.991,-3.387]],"v":[[10.225,7.27],[16.969,7.27],[27.312,-3.073],[16.969,-13.417],[10.224,-13.417],[-21.145,-6.237],[-26.406,-0.32],[-25.941,7.582],[-16.629,13.417],[-12.123,12.378]],"c":true},"ix":2},"nm":"Path 1","mn":"ADBE Vector Shape - Group","hd":false},{"ty":"fl","c":{"a":0,"k":[0.873935415231,0.605688416724,0.342166885675,1],"ix":4},"o":{"a":0,"k":100,"ix":5},"r":1,"bm":0,"nm":"Fill 1","mn":"ADBE Vector Graphic - Fill","hd":false},{"ty":"tr","p":{"a":0,"k":[192.082,475.808],"ix":2},"a":{"a":0,"k":[0,0],"ix":1},"s":{"a":0,"k":[100,100],"ix":3},"r":{"a":0,"k":0,"ix":6},"o":{"a":0,"k":100,"ix":7},"sk":{"a":0,"k":0,"ix":4},"sa":{"a":0,"k":0,"ix":5},"nm":"Transform"}],"nm":"Group 26","np":2,"cix":2,"bm":0,"ix":26,"mn":"ADBE Vector Group","hd":false},{"ty":"gr","it":[{"ind":0,"ty":"sh","ix":1,"ks":{"a":0,"k":{"i":[[1.876,9.438],[4.915,0],[0.668,-0.133],[-1.111,-5.593],[-9.331,-9.869],[-2.832,0],[-1.929,1.824],[3.918,4.143]],"o":[[-0.959,-4.824],[-0.674,0],[-5.591,1.113],[2.638,13.264],[1.945,2.056],[2.653,0],[4.142,-3.919],[-6.653,-7.034]],"v":[[2.223,-17.152],[-7.917,-25.478],[-9.94,-25.279],[-18.067,-13.118],[0.229,22.242],[7.746,25.478],[14.852,22.65],[15.26,8.028]],"c":true},"ix":2},"nm":"Path 1","mn":"ADBE Vector Shape - Group","hd":false},{"ty":"fl","c":{"a":0,"k":[0.873935415231,0.605688416724,0.342166885675,1],"ix":4},"o":{"a":0,"k":100,"ix":5},"r":1,"bm":0,"nm":"Fill 1","mn":"ADBE Vector Graphic - Fill","hd":false},{"ty":"tr","p":{"a":0,"k":[149.761,929.655],"ix":2},"a":{"a":0,"k":[0,0],"ix":1},"s":{"a":0,"k":[100,100],"ix":3},"r":{"a":0,"k":0,"ix":6},"o":{"a":0,"k":100,"ix":7},"sk":{"a":0,"k":0,"ix":4},"sa":{"a":0,"k":0,"ix":5},"nm":"Transform"}],"nm":"Group 27","np":2,"cix":2,"bm":0,"ix":27,"mn":"ADBE Vector Group","hd":false},{"ty":"gr","it":[{"ind":0,"ty":"sh","ix":1,"ks":{"a":0,"k":{"i":[[-5.703,0],[0,5.704],[0,0],[5.703,0],[0,-5.703],[0,0]],"o":[[5.703,0],[0,0],[0,-5.703],[-5.703,0],[0,0],[0,5.704]],"v":[[0,27.614],[10.343,17.27],[10.343,-17.271],[0,-27.614],[-10.343,-17.271],[-10.343,17.27]],"c":true},"ix":2},"nm":"Path 1","mn":"ADBE Vector Shape - Group","hd":false},{"ty":"fl","c":{"a":0,"k":[0.873935415231,0.605688416724,0.342166885675,1],"ix":4},"o":{"a":0,"k":100,"ix":5},"r":1,"bm":0,"nm":"Fill 1","mn":"ADBE Vector Graphic - Fill","hd":false},{"ty":"tr","p":{"a":0,"k":[140.655,793.707],"ix":2},"a":{"a":0,"k":[0,0],"ix":1},"s":{"a":0,"k":[100,100],"ix":3},"r":{"a":0,"k":0,"ix":6},"o":{"a":0,"k":100,"ix":7},"sk":{"a":0,"k":0,"ix":4},"sa":{"a":0,"k":0,"ix":5},"nm":"Transform"}],"nm":"Group 28","np":2,"cix":2,"bm":0,"ix":28,"mn":"ADBE Vector Group","hd":false},{"ty":"gr","it":[{"ind":0,"ty":"sh","ix":1,"ks":{"a":0,"k":{"i":[[-5.703,0],[0,5.703],[0,0],[5.703,0],[0,-5.703],[0,0]],"o":[[5.703,0],[0,0],[0,-5.703],[-5.703,0],[0,0],[0,5.703]],"v":[[0,27.615],[10.343,17.271],[10.343,-17.27],[0,-27.614],[-10.343,-17.27],[-10.343,17.271]],"c":true},"ix":2},"nm":"Path 1","mn":"ADBE Vector Shape - Group","hd":false},{"ty":"fl","c":{"a":0,"k":[0.873935415231,0.605688416724,0.342166885675,1],"ix":4},"o":{"a":0,"k":100,"ix":5},"r":1,"bm":0,"nm":"Fill 1","mn":"ADBE Vector Graphic - Fill","hd":false},{"ty":"tr","p":{"a":0,"k":[140.655,862.791],"ix":2},"a":{"a":0,"k":[0,0],"ix":1},"s":{"a":0,"k":[100,100],"ix":3},"r":{"a":0,"k":0,"ix":6},"o":{"a":0,"k":100,"ix":7},"sk":{"a":0,"k":0,"ix":4},"sa":{"a":0,"k":0,"ix":5},"nm":"Transform"}],"nm":"Group 29","np":2,"cix":2,"bm":0,"ix":29,"mn":"ADBE Vector Group","hd":false},{"ty":"gr","it":[{"ind":0,"ty":"sh","ix":1,"ks":{"a":0,"k":{"i":[[-5.703,0],[0,5.703],[0,0],[5.703,0],[0,-5.704],[0,0]],"o":[[5.703,0],[0,0],[0,-5.704],[-5.703,0],[0,0],[0,5.703]],"v":[[0,27.614],[10.343,17.271],[10.343,-17.27],[0,-27.614],[-10.343,-17.27],[-10.343,17.271]],"c":true},"ix":2},"nm":"Path 1","mn":"ADBE Vector Shape - Group","hd":false},{"ty":"fl","c":{"a":0,"k":[0.873935415231,0.605688416724,0.342166885675,1],"ix":4},"o":{"a":0,"k":100,"ix":5},"r":1,"bm":0,"nm":"Fill 1","mn":"ADBE Vector Graphic - Fill","hd":false},{"ty":"tr","p":{"a":0,"k":[140.655,724.624],"ix":2},"a":{"a":0,"k":[0,0],"ix":1},"s":{"a":0,"k":[100,100],"ix":3},"r":{"a":0,"k":0,"ix":6},"o":{"a":0,"k":100,"ix":7},"sk":{"a":0,"k":0,"ix":4},"sa":{"a":0,"k":0,"ix":5},"nm":"Transform"}],"nm":"Group 30","np":2,"cix":2,"bm":0,"ix":30,"mn":"ADBE Vector Group","hd":false},{"ty":"gr","it":[{"ind":0,"ty":"sh","ix":1,"ks":{"a":0,"k":{"i":[[-5.703,0],[0,5.703],[0,0],[-5.12,8.147],[0.615,2.695],[2.336,1.468],[1.945,0],[1.905,-3.031],[0,-13.58],[0,0]],"o":[[5.703,0],[0,0],[0,-9.68],[1.47,-2.339],[-0.615,-2.693],[-1.652,-1.039],[-3.582,0],[-7.195,11.449],[0,0],[0,5.703]],"v":[[-4.884,26.849],[5.459,16.507],[5.459,16.25],[13.285,-11.001],[14.612,-18.806],[10.033,-25.26],[4.534,-26.849],[-4.23,-22.008],[-15.227,16.25],[-15.227,16.507]],"c":true},"ix":2},"nm":"Path 1","mn":"ADBE Vector Shape - Group","hd":false},{"ty":"fl","c":{"a":0,"k":[0.873935415231,0.605688416724,0.342166885675,1],"ix":4},"o":{"a":0,"k":100,"ix":5},"r":1,"bm":0,"nm":"Fill 1","mn":"ADBE Vector Graphic - Fill","hd":false},{"ty":"tr","p":{"a":0,"k":[145.539,518.139],"ix":2},"a":{"a":0,"k":[0,0],"ix":1},"s":{"a":0,"k":[100,100],"ix":3},"r":{"a":0,"k":0,"ix":6},"o":{"a":0,"k":100,"ix":7},"sk":{"a":0,"k":0,"ix":4},"sa":{"a":0,"k":0,"ix":5},"nm":"Transform"}],"nm":"Group 31","np":2,"cix":2,"bm":0,"ix":31,"mn":"ADBE Vector Group","hd":false},{"ty":"gr","it":[{"ind":0,"ty":"sh","ix":1,"ks":{"a":0,"k":{"i":[[-5.703,0],[0,5.703],[0,0],[5.703,0],[0,-5.703],[0,0]],"o":[[5.703,0],[0,0],[0,-5.703],[-5.703,0],[0,0],[0,5.703]],"v":[[0,27.615],[10.343,17.271],[10.343,-17.27],[0,-27.614],[-10.343,-17.27],[-10.343,17.271]],"c":true},"ix":2},"nm":"Path 1","mn":"ADBE Vector Shape - Group","hd":false},{"ty":"fl","c":{"a":0,"k":[0.873935415231,0.605688416724,0.342166885675,1],"ix":4},"o":{"a":0,"k":100,"ix":5},"r":1,"bm":0,"nm":"Fill 1","mn":"ADBE Vector Graphic - Fill","hd":false},{"ty":"tr","p":{"a":0,"k":[140.655,655.541],"ix":2},"a":{"a":0,"k":[0,0],"ix":1},"s":{"a":0,"k":[100,100],"ix":3},"r":{"a":0,"k":0,"ix":6},"o":{"a":0,"k":100,"ix":7},"sk":{"a":0,"k":0,"ix":4},"sa":{"a":0,"k":0,"ix":5},"nm":"Transform"}],"nm":"Group 32","np":2,"cix":2,"bm":0,"ix":32,"mn":"ADBE Vector Group","hd":false},{"ty":"gr","it":[{"ind":0,"ty":"sh","ix":1,"ks":{"a":0,"k":{"i":[[-5.703,0],[0,5.704],[0,0],[5.703,0],[0,-5.703],[0,0]],"o":[[5.703,0],[0,0],[0,-5.703],[-5.703,0],[0,0],[0,5.704]],"v":[[0,27.614],[10.343,17.27],[10.343,-17.271],[0,-27.614],[-10.343,-17.271],[-10.343,17.27]],"c":true},"ix":2},"nm":"Path 1","mn":"ADBE Vector Shape - Group","hd":false},{"ty":"fl","c":{"a":0,"k":[0.873935415231,0.605688416724,0.342166885675,1],"ix":4},"o":{"a":0,"k":100,"ix":5},"r":1,"bm":0,"nm":"Fill 1","mn":"ADBE Vector Graphic - Fill","hd":false},{"ty":"tr","p":{"a":0,"k":[140.655,586.458],"ix":2},"a":{"a":0,"k":[0,0],"ix":1},"s":{"a":0,"k":[100,100],"ix":3},"r":{"a":0,"k":0,"ix":6},"o":{"a":0,"k":100,"ix":7},"sk":{"a":0,"k":0,"ix":4},"sa":{"a":0,"k":0,"ix":5},"nm":"Transform"}],"nm":"Group 33","np":2,"cix":2,"bm":0,"ix":33,"mn":"ADBE Vector Group","hd":false},{"ty":"gr","it":[{"ind":0,"ty":"sh","ix":1,"ks":{"a":0,"k":{"i":[[5.703,0],[0,0],[0,-5.703],[-5.703,0],[0,0],[0,5.703]],"o":[[0,0],[-5.703,0],[0,5.703],[0,0],[5.703,0],[0,-5.703]],"v":[[17.271,-10.344],[-17.271,-10.344],[-27.614,0],[-17.271,10.344],[17.271,10.344],[27.614,0]],"c":true},"ix":2},"nm":"Path 1","mn":"ADBE Vector Shape - Group","hd":false},{"ty":"fl","c":{"a":0,"k":[0.873935415231,0.605688416724,0.342166885675,1],"ix":4},"o":{"a":0,"k":100,"ix":5},"r":1,"bm":0,"nm":"Fill 1","mn":"ADBE Vector Graphic - Fill","hd":false},{"ty":"tr","p":{"a":0,"k":[342.113,964.089],"ix":2},"a":{"a":0,"k":[0,0],"ix":1},"s":{"a":0,"k":[100,100],"ix":3},"r":{"a":0,"k":0,"ix":6},"o":{"a":0,"k":100,"ix":7},"sk":{"a":0,"k":0,"ix":4},"sa":{"a":0,"k":0,"ix":5},"nm":"Transform"}],"nm":"Group 34","np":2,"cix":2,"bm":0,"ix":34,"mn":"ADBE Vector Group","hd":false},{"ty":"gr","it":[{"ind":0,"ty":"sh","ix":1,"ks":{"a":0,"k":{"i":[[5.703,0],[0,0],[0,-5.703],[-5.704,0],[0,0],[0,5.703]],"o":[[0,0],[-5.704,0],[0,5.703],[0,0],[5.703,0],[0,-5.703]],"v":[[17.272,-10.344],[-17.271,-10.344],[-27.615,0],[-17.271,10.344],[17.272,10.344],[27.615,0]],"c":true},"ix":2},"nm":"Path 1","mn":"ADBE Vector Shape - Group","hd":false},{"ty":"fl","c":{"a":0,"k":[0.873935415231,0.605688416724,0.342166885675,1],"ix":4},"o":{"a":0,"k":100,"ix":5},"r":1,"bm":0,"nm":"Fill 1","mn":"ADBE Vector Graphic - Fill","hd":false},{"ty":"tr","p":{"a":0,"k":[411.196,964.089],"ix":2},"a":{"a":0,"k":[0,0],"ix":1},"s":{"a":0,"k":[100,100],"ix":3},"r":{"a":0,"k":0,"ix":6},"o":{"a":0,"k":100,"ix":7},"sk":{"a":0,"k":0,"ix":4},"sa":{"a":0,"k":0,"ix":5},"nm":"Transform"}],"nm":"Group 35","np":2,"cix":2,"bm":0,"ix":35,"mn":"ADBE Vector Group","hd":false},{"ty":"gr","it":[{"ind":0,"ty":"sh","ix":1,"ks":{"a":0,"k":{"i":[[0,5.704],[5.703,0],[0,0],[0,-5.703],[-5.703,0],[0,0]],"o":[[0,-5.703],[0,0],[-5.703,0],[0,5.704],[0,0],[5.703,0]],"v":[[27.614,0],[17.271,-10.343],[-17.271,-10.343],[-27.614,0],[-17.271,10.343],[17.271,10.343]],"c":true},"ix":2},"nm":"Path 1","mn":"ADBE Vector Shape - Group","hd":false},{"ty":"fl","c":{"a":0,"k":[0.873935415231,0.605688416724,0.342166885675,1],"ix":4},"o":{"a":0,"k":100,"ix":5},"r":1,"bm":0,"nm":"Fill 1","mn":"ADBE Vector Graphic - Fill","hd":false},{"ty":"tr","p":{"a":0,"k":[468.113,472.735],"ix":2},"a":{"a":0,"k":[0,0],"ix":1},"s":{"a":0,"k":[100,100],"ix":3},"r":{"a":0,"k":0,"ix":6},"o":{"a":0,"k":100,"ix":7},"sk":{"a":0,"k":0,"ix":4},"sa":{"a":0,"k":0,"ix":5},"nm":"Transform"}],"nm":"Group 36","np":2,"cix":2,"bm":0,"ix":36,"mn":"ADBE Vector Group","hd":false},{"ty":"gr","it":[{"ind":0,"ty":"sh","ix":1,"ks":{"a":0,"k":{"i":[[0,5.704],[5.703,0],[0,0],[0,-5.703],[-5.704,0],[0,0]],"o":[[0,-5.703],[0,0],[-5.704,0],[0,5.704],[0,0],[5.703,0]],"v":[[27.614,0],[17.271,-10.343],[-17.27,-10.343],[-27.614,0],[-17.27,10.343],[17.271,10.343]],"c":true},"ix":2},"nm":"Path 1","mn":"ADBE Vector Shape - Group","hd":false},{"ty":"fl","c":{"a":0,"k":[0.873935415231,0.605688416724,0.342166885675,1],"ix":4},"o":{"a":0,"k":100,"ix":5},"r":1,"bm":0,"nm":"Fill 1","mn":"ADBE Vector Graphic - Fill","hd":false},{"ty":"tr","p":{"a":0,"k":[399.029,472.735],"ix":2},"a":{"a":0,"k":[0,0],"ix":1},"s":{"a":0,"k":[100,100],"ix":3},"r":{"a":0,"k":0,"ix":6},"o":{"a":0,"k":100,"ix":7},"sk":{"a":0,"k":0,"ix":4},"sa":{"a":0,"k":0,"ix":5},"nm":"Transform"}],"nm":"Group 37","np":2,"cix":2,"bm":0,"ix":37,"mn":"ADBE Vector Group","hd":false},{"ty":"gr","it":[{"ind":0,"ty":"sh","ix":1,"ks":{"a":0,"k":{"i":[[5.703,0],[0,0],[4.18,1.078],[0.871,0],[1.178,-4.568],[-1.403,-2.379],[-2.674,-0.689],[-6.105,0],[0,0],[0,5.703]],"o":[[0,0],[-4.362,0],[-0.847,-0.22],[-4.715,0],[-0.692,2.676],[1.405,2.38],[5.869,1.517],[0,0],[5.703,0],[0,-5.703]],"v":[[17.366,-9.365],[-1.544,-9.365],[-14.418,-10.99],[-17.007,-11.321],[-27.017,-3.562],[-25.914,4.276],[-19.589,9.036],[-1.544,11.322],[17.366,11.322],[27.709,0.979]],"c":true},"ix":2},"nm":"Path 1","mn":"ADBE Vector Shape - Group","hd":false},{"ty":"fl","c":{"a":0,"k":[0.873935415231,0.605688416724,0.342166885675,1],"ix":4},"o":{"a":0,"k":100,"ix":5},"r":1,"bm":0,"nm":"Fill 1","mn":"ADBE Vector Graphic - Fill","hd":false},{"ty":"tr","p":{"a":0,"k":[203.851,963.111],"ix":2},"a":{"a":0,"k":[0,0],"ix":1},"s":{"a":0,"k":[100,100],"ix":3},"r":{"a":0,"k":0,"ix":6},"o":{"a":0,"k":100,"ix":7},"sk":{"a":0,"k":0,"ix":4},"sa":{"a":0,"k":0,"ix":5},"nm":"Transform"}],"nm":"Group 38","np":2,"cix":2,"bm":0,"ix":38,"mn":"ADBE Vector Group","hd":false},{"ty":"gr","it":[{"ind":0,"ty":"sh","ix":1,"ks":{"a":0,"k":{"i":[[0,5.704],[5.703,0],[0,0],[0,-5.703],[-5.703,0],[0,0]],"o":[[0,-5.703],[0,0],[-5.703,0],[0,5.704],[0,0],[5.703,0]],"v":[[27.615,0],[17.271,-10.343],[-17.271,-10.343],[-27.615,0],[-17.271,10.343],[17.271,10.343]],"c":true},"ix":2},"nm":"Path 1","mn":"ADBE Vector Shape - Group","hd":false},{"ty":"fl","c":{"a":0,"k":[0.873935415231,0.605688416724,0.342166885675,1],"ix":4},"o":{"a":0,"k":100,"ix":5},"r":1,"bm":0,"nm":"Fill 1","mn":"ADBE Vector Graphic - Fill","hd":false},{"ty":"tr","p":{"a":0,"k":[260.863,472.735],"ix":2},"a":{"a":0,"k":[0,0],"ix":1},"s":{"a":0,"k":[100,100],"ix":3},"r":{"a":0,"k":0,"ix":6},"o":{"a":0,"k":100,"ix":7},"sk":{"a":0,"k":0,"ix":4},"sa":{"a":0,"k":0,"ix":5},"nm":"Transform"}],"nm":"Group 39","np":2,"cix":2,"bm":0,"ix":39,"mn":"ADBE Vector Group","hd":false},{"ty":"gr","it":[{"ind":0,"ty":"sh","ix":1,"ks":{"a":0,"k":{"i":[[5.703,0],[0,0],[0,-5.703],[-5.704,0],[0,0],[0,5.703]],"o":[[0,0],[-5.704,0],[0,5.703],[0,0],[5.703,0],[0,-5.703]],"v":[[17.272,-10.344],[-17.27,-10.344],[-27.614,0],[-17.27,10.344],[17.272,10.344],[27.615,0]],"c":true},"ix":2},"nm":"Path 1","mn":"ADBE Vector Shape - Group","hd":false},{"ty":"fl","c":{"a":0,"k":[0.873935415231,0.605688416724,0.342166885675,1],"ix":4},"o":{"a":0,"k":100,"ix":5},"r":1,"bm":0,"nm":"Fill 1","mn":"ADBE Vector Graphic - Fill","hd":false},{"ty":"tr","p":{"a":0,"k":[273.03,964.089],"ix":2},"a":{"a":0,"k":[0,0],"ix":1},"s":{"a":0,"k":[100,100],"ix":3},"r":{"a":0,"k":0,"ix":6},"o":{"a":0,"k":100,"ix":7},"sk":{"a":0,"k":0,"ix":4},"sa":{"a":0,"k":0,"ix":5},"nm":"Transform"}],"nm":"Group 40","np":2,"cix":2,"bm":0,"ix":40,"mn":"ADBE Vector Group","hd":false},{"ty":"gr","it":[{"ind":0,"ty":"sh","ix":1,"ks":{"a":0,"k":{"i":[[0,5.704],[5.703,0],[0,0],[0,-5.703],[-5.703,0],[0,0]],"o":[[0,-5.703],[0,0],[-5.703,0],[0,5.704],[0,0],[5.703,0]],"v":[[27.614,0],[17.271,-10.343],[-17.271,-10.343],[-27.614,0],[-17.271,10.343],[17.271,10.343]],"c":true},"ix":2},"nm":"Path 1","mn":"ADBE Vector Shape - Group","hd":false},{"ty":"fl","c":{"a":0,"k":[0.873935415231,0.605688416724,0.342166885675,1],"ix":4},"o":{"a":0,"k":100,"ix":5},"r":1,"bm":0,"nm":"Fill 1","mn":"ADBE Vector Graphic - Fill","hd":false},{"ty":"tr","p":{"a":0,"k":[329.946,472.735],"ix":2},"a":{"a":0,"k":[0,0],"ix":1},"s":{"a":0,"k":[100,100],"ix":3},"r":{"a":0,"k":0,"ix":6},"o":{"a":0,"k":100,"ix":7},"sk":{"a":0,"k":0,"ix":4},"sa":{"a":0,"k":0,"ix":5},"nm":"Transform"}],"nm":"Group 41","np":2,"cix":2,"bm":0,"ix":41,"mn":"ADBE Vector Group","hd":false},{"ty":"gr","it":[{"ind":0,"ty":"sh","ix":1,"ks":{"a":0,"k":{"i":[[5.703,0],[0,0],[0,-5.703],[-5.703,0],[0,0],[0,5.703]],"o":[[0,0],[-5.703,0],[0,5.703],[0,0],[5.703,0],[0,-5.703]],"v":[[17.271,-10.344],[-17.271,-10.344],[-27.614,0],[-17.271,10.344],[17.271,10.344],[27.614,0]],"c":true},"ix":2},"nm":"Path 1","mn":"ADBE Vector Shape - Group","hd":false},{"ty":"fl","c":{"a":0,"k":[0.873935415231,0.605688416724,0.342166885675,1],"ix":4},"o":{"a":0,"k":100,"ix":5},"r":1,"bm":0,"nm":"Fill 1","mn":"ADBE Vector Graphic - Fill","hd":false},{"ty":"tr","p":{"a":0,"k":[480.279,964.089],"ix":2},"a":{"a":0,"k":[0,0],"ix":1},"s":{"a":0,"k":[100,100],"ix":3},"r":{"a":0,"k":0,"ix":6},"o":{"a":0,"k":100,"ix":7},"sk":{"a":0,"k":0,"ix":4},"sa":{"a":0,"k":0,"ix":5},"nm":"Transform"}],"nm":"Group 42","np":2,"cix":2,"bm":0,"ix":42,"mn":"ADBE Vector Group","hd":false},{"ty":"gr","it":[{"ind":0,"ty":"sh","ix":1,"ks":{"a":0,"k":{"i":[[39.415,0],[0,0],[0,39.415],[0,0],[-39.415,0],[0,0],[0,-39.416],[0,0]],"o":[[0,0],[-39.415,0],[0,0],[0,-39.416],[0,0],[39.415,0],[0,0],[0,39.415]],"v":[[351.416,288.32],[-351.416,288.32],[-422.783,216.952],[-422.783,-216.952],[-351.416,-288.32],[351.416,-288.32],[422.784,-216.952],[422.784,216.952]],"c":true},"ix":2},"nm":"Path 1","mn":"ADBE Vector Shape - Group","hd":false},{"ty":"st","c":{"a":0,"k":[0.174418864531,0.204731974882,0.278676081639,1],"ix":3},"o":{"a":0,"k":100,"ix":4},"w":{"a":0,"k":9,"ix":5},"lc":2,"lj":2,"bm":0,"nm":"Stroke 1","mn":"ADBE Vector Graphic - Stroke","hd":false},{"ty":"tr","p":{"a":0,"k":[524.975,716.15],"ix":2},"a":{"a":0,"k":[0,0],"ix":1},"s":{"a":0,"k":[100,100],"ix":3},"r":{"a":0,"k":0,"ix":6},"o":{"a":0,"k":100,"ix":7},"sk":{"a":0,"k":0,"ix":4},"sa":{"a":0,"k":0,"ix":5},"nm":"Transform"}],"nm":"Group 43","np":2,"cix":2,"bm":0,"ix":43,"mn":"ADBE Vector Group","hd":false},{"ty":"gr","it":[{"ind":0,"ty":"sh","ix":1,"ks":{"a":0,"k":{"i":[[0,0],[0,0],[-5.703,0],[0,5.703],[0,0]],"o":[[0,0],[0,5.703],[5.703,0],[0,0],[0,0]],"v":[[-10.344,-14.938],[-10.344,4.594],[-0.001,14.938],[10.343,4.594],[10.343,-14.938]],"c":true},"ix":2},"nm":"Path 1","mn":"ADBE Vector Shape - Group","hd":false},{"ty":"fl","c":{"a":0,"k":[0.873935415231,0.605688416724,0.342166885675,1],"ix":4},"o":{"a":0,"k":100,"ix":5},"r":1,"bm":0,"nm":"Fill 1","mn":"ADBE Vector Graphic - Fill","hd":false},{"ty":"tr","p":{"a":0,"k":[911.234,828.629],"ix":2},"a":{"a":0,"k":[0,0],"ix":1},"s":{"a":0,"k":[100,100],"ix":3},"r":{"a":0,"k":0,"ix":6},"o":{"a":0,"k":100,"ix":7},"sk":{"a":0,"k":0,"ix":4},"sa":{"a":0,"k":0,"ix":5},"nm":"Transform"}],"nm":"Group 44","np":2,"cix":2,"bm":0,"ix":44,"mn":"ADBE Vector Group","hd":false},{"ty":"gr","it":[{"ind":0,"ty":"sh","ix":1,"ks":{"a":0,"k":{"i":[[0,0],[5.703,0],[0,-5.703],[0,0],[0,0]],"o":[[0,-5.703],[-5.703,0],[0,0],[0,0],[0,0]],"v":[[10.344,-2.332],[-0.001,-12.676],[-10.344,-2.332],[-10.344,12.676],[10.344,12.676]],"c":true},"ix":2},"nm":"Path 1","mn":"ADBE Vector Shape - Group","hd":false},{"ty":"fl","c":{"a":0,"k":[0.762087174958,0.494784067191,0.27486632104,1],"ix":4},"o":{"a":0,"k":100,"ix":5},"r":1,"bm":0,"nm":"Fill 1","mn":"ADBE Vector Graphic - Fill","hd":false},{"ty":"tr","p":{"a":0,"k":[911.234,801.015],"ix":2},"a":{"a":0,"k":[0,0],"ix":1},"s":{"a":0,"k":[100,100],"ix":3},"r":{"a":0,"k":0,"ix":6},"o":{"a":0,"k":100,"ix":7},"sk":{"a":0,"k":0,"ix":4},"sa":{"a":0,"k":0,"ix":5},"nm":"Transform"}],"nm":"Group 45","np":2,"cix":2,"bm":0,"ix":45,"mn":"ADBE Vector Group","hd":false},{"ty":"gr","it":[{"ind":0,"ty":"sh","ix":1,"ks":{"a":0,"k":{"i":[[0,0],[0,0],[0,-42.28],[-42.279,0],[0,0]],"o":[[0,0],[-42.279,0],[0,42.28],[0,0],[0,0]],"v":[[96.058,-76.555],[-19.504,-76.555],[-96.058,0.001],[-19.504,76.555],[96.058,76.555]],"c":true},"ix":2},"nm":"Path 1","mn":"ADBE Vector Shape - Group","hd":false},{"ty":"fl","c":{"a":0,"k":[0.762087174958,0.494784067191,0.27486632104,1],"ix":4},"o":{"a":0,"k":100,"ix":5},"r":1,"bm":0,"nm":"Fill 1","mn":"ADBE Vector Graphic - Fill","hd":false},{"ty":"tr","p":{"a":0,"k":[851.701,737.136],"ix":2},"a":{"a":0,"k":[0,0],"ix":1},"s":{"a":0,"k":[100,100],"ix":3},"r":{"a":0,"k":0,"ix":6},"o":{"a":0,"k":100,"ix":7},"sk":{"a":0,"k":0,"ix":4},"sa":{"a":0,"k":0,"ix":5},"nm":"Transform"}],"nm":"Group 46","np":2,"cix":2,"bm":0,"ix":46,"mn":"ADBE Vector Group","hd":false},{"ty":"gr","it":[{"ind":0,"ty":"sh","ix":1,"ks":{"a":0,"k":{"i":[[0,16.042],[0,0],[-39.415,0],[0,0],[-8.193,-3.279],[23.373,0],[0,0],[0,-39.416],[0,0],[-26.293,-10.522]],"o":[[0,0],[0,-39.415],[0,0],[9.364,0],[-13.019,-17.365],[0,0],[-39.415,0],[0,0],[0,30.052],[-8.934,-11.918]],"v":[[-385.022,243.004],[-385.022,-190.901],[-313.654,-262.268],[389.178,-262.268],[415.669,-257.168],[358.53,-285.77],[-344.301,-285.77],[-415.669,-214.402],[-415.669,219.502],[-370.793,285.77]],"c":true},"ix":2},"nm":"Path 1","mn":"ADBE Vector Shape - Group","hd":false},{"ty":"fl","c":{"a":0,"k":[0.977253753064,0.739333268708,0.498574320475,1],"ix":4},"o":{"a":0,"k":100,"ix":5},"r":1,"bm":0,"nm":"Fill 1","mn":"ADBE Vector Graphic - Fill","hd":false},{"ty":"tr","p":{"a":0,"k":[517.86,713.599],"ix":2},"a":{"a":0,"k":[0,0],"ix":1},"s":{"a":0,"k":[100,100],"ix":3},"r":{"a":0,"k":0,"ix":6},"o":{"a":0,"k":100,"ix":7},"sk":{"a":0,"k":0,"ix":4},"sa":{"a":0,"k":0,"ix":5},"nm":"Transform"}],"nm":"Group 47","np":2,"cix":2,"bm":0,"ix":47,"mn":"ADBE Vector Group","hd":false},{"ty":"gr","it":[{"ind":0,"ty":"sh","ix":1,"ks":{"a":0,"k":{"i":[[-3.784,0],[0,0],[0,39.416],[0,0],[13.04,12.932],[0,0],[395.673,-49.862],[8.972,-1.445]],"o":[[0,0],[39.415,0],[0,0],[0,-19.817],[0,0],[0,0],[-10.918,1.376],[3.625,0.567]],"v":[[-381.539,279.991],[321.293,279.991],[392.661,208.623],[392.661,-225.281],[371.539,-275.955],[364.816,-279.991],[-362.852,274.89],[-392.661,279.123]],"c":true},"ix":2},"nm":"Path 1","mn":"ADBE Vector Shape - Group","hd":false},{"ty":"fl","c":{"a":0,"k":[0.884359621534,0.624639593386,0.360197299134,1],"ix":4},"o":{"a":0,"k":100,"ix":5},"r":1,"bm":0,"nm":"Fill 1","mn":"ADBE Vector Graphic - Fill","hd":false},{"ty":"tr","p":{"a":0,"k":[555.098,724.479],"ix":2},"a":{"a":0,"k":[0,0],"ix":1},"s":{"a":0,"k":[100,100],"ix":3},"r":{"a":0,"k":0,"ix":6},"o":{"a":0,"k":100,"ix":7},"sk":{"a":0,"k":0,"ix":4},"sa":{"a":0,"k":0,"ix":5},"nm":"Transform"}],"nm":"Group 48","np":2,"cix":2,"bm":0,"ix":48,"mn":"ADBE Vector Group","hd":false},{"ty":"gr","it":[{"ind":0,"ty":"sh","ix":1,"ks":{"a":0,"k":{"i":[[39.415,0],[0,0],[0,39.415],[0,0],[-39.415,0],[0,0],[0,-39.416],[0,0]],"o":[[0,0],[-39.415,0],[0,0],[0,-39.416],[0,0],[39.415,0],[0,0],[0,39.415]],"v":[[351.416,288.32],[-351.416,288.32],[-422.783,216.952],[-422.783,-216.952],[-351.416,-288.32],[351.416,-288.32],[422.784,-216.952],[422.784,216.952]],"c":true},"ix":2},"nm":"Path 1","mn":"ADBE Vector Shape - Group","hd":false},{"ty":"fl","c":{"a":0,"k":[0.951659737381,0.684361237171,0.394319392186,1],"ix":4},"o":{"a":0,"k":100,"ix":5},"r":1,"bm":0,"nm":"Fill 1","mn":"ADBE Vector Graphic - Fill","hd":false},{"ty":"tr","p":{"a":0,"k":[524.975,716.15],"ix":2},"a":{"a":0,"k":[0,0],"ix":1},"s":{"a":0,"k":[100,100],"ix":3},"r":{"a":0,"k":0,"ix":6},"o":{"a":0,"k":100,"ix":7},"sk":{"a":0,"k":0,"ix":4},"sa":{"a":0,"k":0,"ix":5},"nm":"Transform"}],"nm":"Group 49","np":2,"cix":2,"bm":0,"ix":49,"mn":"ADBE Vector Group","hd":false}],"ip":0,"op":300,"st":0,"bm":0},{"ddd":0,"ind":2,"ty":4,"nm":"Wallet-02 Outlines 3","sr":1,"ks":{"o":{"a":0,"k":100,"ix":11},"r":{"a":1,"k":[{"i":{"x":[0.275],"y":[1]},"o":{"x":[0.325],"y":[0]},"t":15,"s":[0]},{"i":{"x":[0.667],"y":[1]},"o":{"x":[0.164],"y":[0]},"t":44,"s":[-14.732]},{"i":{"x":[0.833],"y":[1]},"o":{"x":[0.892],"y":[0]},"t":86,"s":[-14.732]},{"t":108,"s":[0]}],"ix":10},"p":{"a":0,"k":[88.028,230.314,0],"ix":2},"a":{"a":0,"k":[202.028,304.682,0],"ix":1},"s":{"a":0,"k":[47.037,47.037,100],"ix":6}},"ao":0,"shapes":[{"ty":"gr","it":[{"ind":0,"ty":"sh","ix":1,"ks":{"a":0,"k":{"i":[[56.104,0],[-0.001,56.105],[-56.106,-0.001],[0.001,-56.105]],"o":[[-56.104,-0.001],[0.001,-56.105],[56.104,0],[0,56.105]],"v":[[-0.001,101.587],[-101.587,-0.001],[0.002,-101.586],[101.587,0.001]],"c":true},"ix":2},"nm":"Path 1","mn":"ADBE Vector Shape - Group","hd":false},{"ty":"st","c":{"a":0,"k":[0.174418864531,0.204731974882,0.278676081639,1],"ix":3},"o":{"a":0,"k":100,"ix":4},"w":{"a":0,"k":9,"ix":5},"lc":2,"lj":2,"bm":0,"nm":"Stroke 1","mn":"ADBE Vector Graphic - Stroke","hd":false},{"ty":"fl","c":{"a":0,"k":[0.357344743317,0.810424206304,0.334603672402,1],"ix":4},"o":{"a":0,"k":100,"ix":5},"r":1,"bm":0,"nm":"Fill 1","mn":"ADBE Vector Graphic - Fill","hd":false},{"ty":"tr","p":{"a":0,"k":[531.657,466.567],"ix":2},"a":{"a":0,"k":[0,0],"ix":1},"s":{"a":0,"k":[100,100],"ix":3},"r":{"a":0,"k":0,"ix":6},"o":{"a":0,"k":100,"ix":7},"sk":{"a":0,"k":0,"ix":4},"sa":{"a":0,"k":0,"ix":5},"nm":"Transform"}],"nm":"Group 1","np":3,"cix":2,"bm":0,"ix":1,"mn":"ADBE Vector Group","hd":false},{"ty":"gr","it":[{"ind":0,"ty":"sh","ix":1,"ks":{"a":0,"k":{"i":[[-42.873,0],[0,0],[0,42.873],[0,0],[42.872,0.001],[0,0],[0,-42.873],[0,0]],"o":[[0,0],[-42.872,0],[0,0],[-0.001,42.873],[0,0],[42.873,0],[0,0],[0,-42.873]],"v":[[282.769,53.501],[282.77,-53.494],[205.143,-131.123],[-205.138,-131.129],[-282.767,-53.502],[-282.769,53.493],[-205.141,131.122],[205.14,131.129]],"c":true},"ix":2},"nm":"Path 1","mn":"ADBE Vector Shape - Group","hd":false},{"ty":"st","c":{"a":0,"k":[0.174418864531,0.204731974882,0.278676081639,1],"ix":3},"o":{"a":0,"k":100,"ix":4},"w":{"a":0,"k":9,"ix":5},"lc":2,"lj":2,"bm":0,"nm":"Stroke 1","mn":"ADBE Vector Graphic - Stroke","hd":false},{"ty":"tr","p":{"a":0,"k":[531.657,466.567],"ix":2},"a":{"a":0,"k":[0,0],"ix":1},"s":{"a":0,"k":[100,100],"ix":3},"r":{"a":0,"k":0,"ix":6},"o":{"a":0,"k":100,"ix":7},"sk":{"a":0,"k":0,"ix":4},"sa":{"a":0,"k":0,"ix":5},"nm":"Transform"}],"nm":"Group 2","np":2,"cix":2,"bm":0,"ix":2,"mn":"ADBE Vector Group","hd":false},{"ty":"gr","it":[{"ind":0,"ty":"sh","ix":1,"ks":{"a":0,"k":{"i":[[0,0],[42.873,0],[0,0],[-4.68,0.881],[-134.539,-46.231]],"o":[[0.001,-42.873],[0,0],[4.936,0],[64.628,58.527],[0,0]],"v":[[-57.533,92.991],[-135.16,15.362],[-135.159,-91.633],[-120.724,-92.994],[135.161,92.994]],"c":true},"ix":2},"nm":"Path 1","mn":"ADBE Vector Shape - Group","hd":false},{"ty":"fl","c":{"a":0,"k":[0.802844058766,0.806637214212,0.810424206304,1],"ix":4},"o":{"a":0,"k":100,"ix":5},"r":1,"bm":0,"nm":"Fill 1","mn":"ADBE Vector Graphic - Fill","hd":false},{"ty":"tr","p":{"a":0,"k":[384.048,504.699],"ix":2},"a":{"a":0,"k":[0,0],"ix":1},"s":{"a":0,"k":[100,100],"ix":3},"r":{"a":0,"k":0,"ix":6},"o":{"a":0,"k":100,"ix":7},"sk":{"a":0,"k":0,"ix":4},"sa":{"a":0,"k":0,"ix":5},"nm":"Transform"}],"nm":"Group 3","np":2,"cix":2,"bm":0,"ix":3,"mn":"ADBE Vector Group","hd":false},{"ty":"gr","it":[{"ind":0,"ty":"sh","ix":1,"ks":{"a":0,"k":{"i":[[0,0],[0,0],[0,0],[0,0]],"o":[[0,0],[0,0],[0,0],[0,0]],"v":[[282.768,131.13],[282.771,-131.122],[-282.766,-131.13],[-282.771,131.121]],"c":true},"ix":2},"nm":"Path 1","mn":"ADBE Vector Shape - Group","hd":false},{"ty":"st","c":{"a":0,"k":[0.174418864531,0.204731974882,0.278676081639,1],"ix":3},"o":{"a":0,"k":100,"ix":4},"w":{"a":0,"k":9,"ix":5},"lc":2,"lj":2,"bm":0,"nm":"Stroke 1","mn":"ADBE Vector Graphic - Stroke","hd":false},{"ty":"tr","p":{"a":0,"k":[531.657,466.567],"ix":2},"a":{"a":0,"k":[0,0],"ix":1},"s":{"a":0,"k":[100,100],"ix":3},"r":{"a":0,"k":0,"ix":6},"o":{"a":0,"k":100,"ix":7},"sk":{"a":0,"k":0,"ix":4},"sa":{"a":0,"k":0,"ix":5},"nm":"Transform"}],"nm":"Group 4","np":2,"cix":2,"bm":0,"ix":4,"mn":"ADBE Vector Group","hd":false},{"ty":"gr","it":[{"ind":0,"ty":"sh","ix":1,"ks":{"a":0,"k":{"i":[[0,0],[-0.001,42.874],[0,0],[0,5.241],[0,0],[-42.872,0],[0,0],[4.055,-0.654]],"o":[[-42.873,0],[0,0],[0.991,-4.95],[0,0],[0,42.873],[0,0],[-4.238,0],[0,0]],"v":[[232.266,13.053],[154.639,-64.576],[-244.713,-77.512],[-243.195,-92.818],[167.086,-92.812],[244.713,-15.182],[244.712,91.812],[232.265,92.818]],"c":true},"ix":2},"nm":"Path 1","mn":"ADBE Vector Shape - Group","hd":false},{"ty":"fl","c":{"a":0,"k":[0.914689307119,0.918480308383,0.922272566253,1],"ix":4},"o":{"a":0,"k":100,"ix":5},"r":1,"bm":0,"nm":"Fill 1","mn":"ADBE Vector Graphic - Fill","hd":false},{"ty":"tr","p":{"a":0,"k":[569.714,428.256],"ix":2},"a":{"a":0,"k":[0,0],"ix":1},"s":{"a":0,"k":[100,100],"ix":3},"r":{"a":0,"k":0,"ix":6},"o":{"a":0,"k":100,"ix":7},"sk":{"a":0,"k":0,"ix":4},"sa":{"a":0,"k":0,"ix":5},"nm":"Transform"}],"nm":"Group 5","np":2,"cix":2,"bm":0,"ix":5,"mn":"ADBE Vector Group","hd":false},{"ty":"gr","it":[{"ind":0,"ty":"sh","ix":1,"ks":{"a":0,"k":{"i":[[22.61,-3.645],[0,0],[-13.931,13.286]],"o":[[0,0],[20.771,0],[-11.609,18.71]],"v":[[-26.776,17.88],[-26.776,3.58],[26.776,-17.88]],"c":true},"ix":2},"nm":"Path 1","mn":"ADBE Vector Shape - Group","hd":false},{"ty":"fl","c":{"a":0,"k":[1,1,1,1],"ix":4},"o":{"a":0,"k":100,"ix":5},"r":1,"bm":0,"nm":"Fill 1","mn":"ADBE Vector Graphic - Fill","hd":false},{"ty":"tr","p":{"a":0,"k":[275.665,409.486],"ix":2},"a":{"a":0,"k":[0,0],"ix":1},"s":{"a":0,"k":[100,100],"ix":3},"r":{"a":0,"k":0,"ix":6},"o":{"a":0,"k":100,"ix":7},"sk":{"a":0,"k":0,"ix":4},"sa":{"a":0,"k":0,"ix":5},"nm":"Transform"}],"nm":"Group 6","np":2,"cix":2,"bm":0,"ix":6,"mn":"ADBE Vector Group","hd":false},{"ty":"gr","it":[{"ind":0,"ty":"sh","ix":1,"ks":{"a":0,"k":{"i":[[-42.873,0],[0,0],[0,42.873],[0,0],[42.872,0.001],[0,0],[0,-42.873],[0,0]],"o":[[0,0],[-42.872,0],[0,0],[-0.001,42.873],[0,0],[42.873,0],[0,0],[0,-42.873]],"v":[[282.769,53.501],[282.77,-53.494],[205.143,-131.123],[-205.138,-131.129],[-282.767,-53.502],[-282.769,53.493],[-205.141,131.122],[205.14,131.129]],"c":true},"ix":2},"nm":"Path 1","mn":"ADBE Vector Shape - Group","hd":false},{"ty":"fl","c":{"a":0,"k":[0.847393798828,0.851184740254,0.854979092467,1],"ix":4},"o":{"a":0,"k":100,"ix":5},"r":1,"bm":0,"nm":"Fill 1","mn":"ADBE Vector Graphic - Fill","hd":false},{"ty":"tr","p":{"a":0,"k":[531.657,466.567],"ix":2},"a":{"a":0,"k":[0,0],"ix":1},"s":{"a":0,"k":[100,100],"ix":3},"r":{"a":0,"k":0,"ix":6},"o":{"a":0,"k":100,"ix":7},"sk":{"a":0,"k":0,"ix":4},"sa":{"a":0,"k":0,"ix":5},"nm":"Transform"}],"nm":"Group 7","np":2,"cix":2,"bm":0,"ix":7,"mn":"ADBE Vector Group","hd":false},{"ty":"gr","it":[{"ind":0,"ty":"sh","ix":1,"ks":{"a":0,"k":{"i":[[-0.001,13.056],[0,0],[13.055,0.001],[0,0],[0,-13.055],[0,0],[-13.056,0],[0,0]],"o":[[0,0],[0,-13.056],[0,0],[-13.055,-0.001],[0,0],[0,13.056],[0,0],[13.056,0]],"v":[[329.626,138.246],[329.629,-138.237],[305.991,-161.876],[-305.986,-161.885],[-329.625,-138.247],[-329.629,138.237],[-305.99,161.875],[305.986,161.885]],"c":true},"ix":2},"nm":"Path 1","mn":"ADBE Vector Shape - Group","hd":false},{"ty":"st","c":{"a":0,"k":[0.174418864531,0.204731974882,0.278676081639,1],"ix":3},"o":{"a":0,"k":100,"ix":4},"w":{"a":0,"k":9,"ix":5},"lc":2,"lj":2,"bm":0,"nm":"Stroke 1","mn":"ADBE Vector Graphic - Stroke","hd":false},{"ty":"tr","p":{"a":0,"k":[531.657,466.567],"ix":2},"a":{"a":0,"k":[0,0],"ix":1},"s":{"a":0,"k":[100,100],"ix":3},"r":{"a":0,"k":0,"ix":6},"o":{"a":0,"k":100,"ix":7},"sk":{"a":0,"k":0,"ix":4},"sa":{"a":0,"k":0,"ix":5},"nm":"Transform"}],"nm":"Group 8","np":2,"cix":2,"bm":0,"ix":8,"mn":"ADBE Vector Group","hd":false},{"ty":"gr","it":[{"ind":0,"ty":"sh","ix":1,"ks":{"a":0,"k":{"i":[[0,0.805],[0,0],[14.505,0],[0,0],[0.964,-0.087],[-13.513,-0.001],[0,0],[0.001,-11.75],[0,0],[13.124,-1.182]],"o":[[0,0],[0,-11.75],[0,0],[-0.993,0],[1.46,-10.631],[0,0],[14.506,0],[0,0],[0.001,10.947],[0.108,-0.78]],"v":[[306.376,159.44],[306.38,-121.77],[280.115,-143.045],[-326.609,-143.055],[-329.541,-142.914],[-303.449,-161.814],[303.275,-161.806],[329.54,-140.53],[329.536,140.68],[306.203,161.815]],"c":true},"ix":2},"nm":"Path 1","mn":"ADBE Vector Shape - Group","hd":false},{"ty":"fl","c":{"a":0,"k":[0.454032658596,0.854979092467,0.431284317316,1],"ix":4},"o":{"a":0,"k":100,"ix":5},"r":1,"bm":0,"nm":"Fill 1","mn":"ADBE Vector Graphic - Fill","hd":false},{"ty":"tr","p":{"a":0,"k":[531.746,466.497],"ix":2},"a":{"a":0,"k":[0,0],"ix":1},"s":{"a":0,"k":[100,100],"ix":3},"r":{"a":0,"k":0,"ix":6},"o":{"a":0,"k":100,"ix":7},"sk":{"a":0,"k":0,"ix":4},"sa":{"a":0,"k":0,"ix":5},"nm":"Transform"}],"nm":"Group 9","np":2,"cix":2,"bm":0,"ix":9,"mn":"ADBE Vector Group","hd":false},{"ty":"gr","it":[{"ind":0,"ty":"sh","ix":1,"ks":{"a":0,"k":{"i":[[0,13.056],[0,0],[-264.974,-34.892],[0,0]],"o":[[0,0],[39.875,44.334],[0,0],[-13.055,0]],"v":[[-223.271,115.208],[-223.268,-138.853],[223.271,138.853],[-199.633,138.847]],"c":true},"ix":2},"nm":"Path 1","mn":"ADBE Vector Shape - Group","hd":false},{"ty":"fl","c":{"a":0,"k":[0.308998347264,0.702368762446,0.27486632104,1],"ix":4},"o":{"a":0,"k":100,"ix":5},"r":1,"bm":0,"nm":"Fill 1","mn":"ADBE Vector Graphic - Fill","hd":false},{"ty":"tr","p":{"a":0,"k":[425.3,489.596],"ix":2},"a":{"a":0,"k":[0,0],"ix":1},"s":{"a":0,"k":[100,100],"ix":3},"r":{"a":0,"k":0,"ix":6},"o":{"a":0,"k":100,"ix":7},"sk":{"a":0,"k":0,"ix":4},"sa":{"a":0,"k":0,"ix":5},"nm":"Transform"}],"nm":"Group 10","np":2,"cix":2,"bm":0,"ix":10,"mn":"ADBE Vector Group","hd":false},{"ty":"gr","it":[{"ind":0,"ty":"sh","ix":1,"ks":{"a":0,"k":{"i":[[-0.001,13.056],[0,0],[13.055,0.001],[0,0],[0,-13.055],[0,0],[-13.056,0],[0,0]],"o":[[0,0],[0,-13.056],[0,0],[-13.055,-0.001],[0,0],[0,13.056],[0,0],[13.056,0]],"v":[[329.626,138.246],[329.629,-138.237],[305.991,-161.876],[-305.986,-161.885],[-329.625,-138.247],[-329.629,138.237],[-305.99,161.875],[305.986,161.885]],"c":true},"ix":2},"nm":"Path 1","mn":"ADBE Vector Shape - Group","hd":false},{"ty":"fl","c":{"a":0,"k":[0.357344743317,0.810424206304,0.334603672402,1],"ix":4},"o":{"a":0,"k":100,"ix":5},"r":1,"bm":0,"nm":"Fill 1","mn":"ADBE Vector Graphic - Fill","hd":false},{"ty":"tr","p":{"a":0,"k":[531.657,466.567],"ix":2},"a":{"a":0,"k":[0,0],"ix":1},"s":{"a":0,"k":[100,100],"ix":3},"r":{"a":0,"k":0,"ix":6},"o":{"a":0,"k":100,"ix":7},"sk":{"a":0,"k":0,"ix":4},"sa":{"a":0,"k":0,"ix":5},"nm":"Transform"}],"nm":"Group 11","np":2,"cix":2,"bm":0,"ix":11,"mn":"ADBE Vector Group","hd":false}],"ip":0,"op":300,"st":0,"bm":0},{"ddd":0,"ind":3,"ty":4,"nm":"Wallet-02 Outlines 2","sr":1,"ks":{"o":{"a":0,"k":100,"ix":11},"r":{"a":1,"k":[{"i":{"x":[0.275],"y":[1]},"o":{"x":[0.325],"y":[0]},"t":15,"s":[0]},{"i":{"x":[0.667],"y":[1]},"o":{"x":[0.164],"y":[0]},"t":44,"s":[-24.017]},{"i":{"x":[0.833],"y":[1]},"o":{"x":[0.892],"y":[0]},"t":86,"s":[-24.017]},{"t":108,"s":[0]}],"ix":10},"p":{"a":0,"k":[88.028,230.314,0],"ix":2},"a":{"a":0,"k":[202.028,304.682,0],"ix":1},"s":{"a":0,"k":[47.037,47.037,100],"ix":6}},"ao":0,"shapes":[{"ty":"gr","it":[{"ind":0,"ty":"sh","ix":1,"ks":{"a":0,"k":{"i":[[56.104,0],[-0.001,56.105],[-56.106,-0.001],[0.001,-56.105]],"o":[[-56.104,-0.001],[0.001,-56.105],[56.104,0],[0,56.105]],"v":[[-0.001,101.587],[-101.587,-0.001],[0.002,-101.586],[101.587,0.001]],"c":true},"ix":2},"nm":"Path 1","mn":"ADBE Vector Shape - Group","hd":false},{"ty":"st","c":{"a":0,"k":[0.174418864531,0.204731974882,0.278676081639,1],"ix":3},"o":{"a":0,"k":100,"ix":4},"w":{"a":0,"k":9,"ix":5},"lc":2,"lj":2,"bm":0,"nm":"Stroke 1","mn":"ADBE Vector Graphic - Stroke","hd":false},{"ty":"fl","c":{"a":0,"k":[0.357344743317,0.810424206304,0.334603672402,1],"ix":4},"o":{"a":0,"k":100,"ix":5},"r":1,"bm":0,"nm":"Fill 1","mn":"ADBE Vector Graphic - Fill","hd":false},{"ty":"tr","p":{"a":0,"k":[531.657,466.567],"ix":2},"a":{"a":0,"k":[0,0],"ix":1},"s":{"a":0,"k":[100,100],"ix":3},"r":{"a":0,"k":0,"ix":6},"o":{"a":0,"k":100,"ix":7},"sk":{"a":0,"k":0,"ix":4},"sa":{"a":0,"k":0,"ix":5},"nm":"Transform"}],"nm":"Group 1","np":3,"cix":2,"bm":0,"ix":1,"mn":"ADBE Vector Group","hd":false},{"ty":"gr","it":[{"ind":0,"ty":"sh","ix":1,"ks":{"a":0,"k":{"i":[[-42.873,0],[0,0],[0,42.873],[0,0],[42.872,0.001],[0,0],[0,-42.873],[0,0]],"o":[[0,0],[-42.872,0],[0,0],[-0.001,42.873],[0,0],[42.873,0],[0,0],[0,-42.873]],"v":[[282.769,53.501],[282.77,-53.494],[205.143,-131.123],[-205.138,-131.129],[-282.767,-53.502],[-282.769,53.493],[-205.141,131.122],[205.14,131.129]],"c":true},"ix":2},"nm":"Path 1","mn":"ADBE Vector Shape - Group","hd":false},{"ty":"st","c":{"a":0,"k":[0.174418864531,0.204731974882,0.278676081639,1],"ix":3},"o":{"a":0,"k":100,"ix":4},"w":{"a":0,"k":9,"ix":5},"lc":2,"lj":2,"bm":0,"nm":"Stroke 1","mn":"ADBE Vector Graphic - Stroke","hd":false},{"ty":"tr","p":{"a":0,"k":[531.657,466.567],"ix":2},"a":{"a":0,"k":[0,0],"ix":1},"s":{"a":0,"k":[100,100],"ix":3},"r":{"a":0,"k":0,"ix":6},"o":{"a":0,"k":100,"ix":7},"sk":{"a":0,"k":0,"ix":4},"sa":{"a":0,"k":0,"ix":5},"nm":"Transform"}],"nm":"Group 2","np":2,"cix":2,"bm":0,"ix":2,"mn":"ADBE Vector Group","hd":false},{"ty":"gr","it":[{"ind":0,"ty":"sh","ix":1,"ks":{"a":0,"k":{"i":[[0,0],[42.873,0],[0,0],[-4.68,0.881],[-134.539,-46.231]],"o":[[0.001,-42.873],[0,0],[4.936,0],[64.628,58.527],[0,0]],"v":[[-57.533,92.991],[-135.16,15.362],[-135.159,-91.633],[-120.724,-92.994],[135.161,92.994]],"c":true},"ix":2},"nm":"Path 1","mn":"ADBE Vector Shape - Group","hd":false},{"ty":"fl","c":{"a":0,"k":[0.802844058766,0.806637214212,0.810424206304,1],"ix":4},"o":{"a":0,"k":100,"ix":5},"r":1,"bm":0,"nm":"Fill 1","mn":"ADBE Vector Graphic - Fill","hd":false},{"ty":"tr","p":{"a":0,"k":[384.048,504.699],"ix":2},"a":{"a":0,"k":[0,0],"ix":1},"s":{"a":0,"k":[100,100],"ix":3},"r":{"a":0,"k":0,"ix":6},"o":{"a":0,"k":100,"ix":7},"sk":{"a":0,"k":0,"ix":4},"sa":{"a":0,"k":0,"ix":5},"nm":"Transform"}],"nm":"Group 3","np":2,"cix":2,"bm":0,"ix":3,"mn":"ADBE Vector Group","hd":false},{"ty":"gr","it":[{"ind":0,"ty":"sh","ix":1,"ks":{"a":0,"k":{"i":[[0,0],[0,0],[0,0],[0,0]],"o":[[0,0],[0,0],[0,0],[0,0]],"v":[[282.768,131.13],[282.771,-131.122],[-282.766,-131.13],[-282.771,131.121]],"c":true},"ix":2},"nm":"Path 1","mn":"ADBE Vector Shape - Group","hd":false},{"ty":"st","c":{"a":0,"k":[0.174418864531,0.204731974882,0.278676081639,1],"ix":3},"o":{"a":0,"k":100,"ix":4},"w":{"a":0,"k":9,"ix":5},"lc":2,"lj":2,"bm":0,"nm":"Stroke 1","mn":"ADBE Vector Graphic - Stroke","hd":false},{"ty":"tr","p":{"a":0,"k":[531.657,466.567],"ix":2},"a":{"a":0,"k":[0,0],"ix":1},"s":{"a":0,"k":[100,100],"ix":3},"r":{"a":0,"k":0,"ix":6},"o":{"a":0,"k":100,"ix":7},"sk":{"a":0,"k":0,"ix":4},"sa":{"a":0,"k":0,"ix":5},"nm":"Transform"}],"nm":"Group 4","np":2,"cix":2,"bm":0,"ix":4,"mn":"ADBE Vector Group","hd":false},{"ty":"gr","it":[{"ind":0,"ty":"sh","ix":1,"ks":{"a":0,"k":{"i":[[0,0],[-0.001,42.874],[0,0],[0,5.241],[0,0],[-42.872,0],[0,0],[4.055,-0.654]],"o":[[-42.873,0],[0,0],[0.991,-4.95],[0,0],[0,42.873],[0,0],[-4.238,0],[0,0]],"v":[[232.266,13.053],[154.639,-64.576],[-244.713,-77.512],[-243.195,-92.818],[167.086,-92.812],[244.713,-15.182],[244.712,91.812],[232.265,92.818]],"c":true},"ix":2},"nm":"Path 1","mn":"ADBE Vector Shape - Group","hd":false},{"ty":"fl","c":{"a":0,"k":[0.914689307119,0.918480308383,0.922272566253,1],"ix":4},"o":{"a":0,"k":100,"ix":5},"r":1,"bm":0,"nm":"Fill 1","mn":"ADBE Vector Graphic - Fill","hd":false},{"ty":"tr","p":{"a":0,"k":[569.714,428.256],"ix":2},"a":{"a":0,"k":[0,0],"ix":1},"s":{"a":0,"k":[100,100],"ix":3},"r":{"a":0,"k":0,"ix":6},"o":{"a":0,"k":100,"ix":7},"sk":{"a":0,"k":0,"ix":4},"sa":{"a":0,"k":0,"ix":5},"nm":"Transform"}],"nm":"Group 5","np":2,"cix":2,"bm":0,"ix":5,"mn":"ADBE Vector Group","hd":false},{"ty":"gr","it":[{"ind":0,"ty":"sh","ix":1,"ks":{"a":0,"k":{"i":[[22.61,-3.645],[0,0],[-13.931,13.286]],"o":[[0,0],[20.771,0],[-11.609,18.71]],"v":[[-26.776,17.88],[-26.776,3.58],[26.776,-17.88]],"c":true},"ix":2},"nm":"Path 1","mn":"ADBE Vector Shape - Group","hd":false},{"ty":"fl","c":{"a":0,"k":[1,1,1,1],"ix":4},"o":{"a":0,"k":100,"ix":5},"r":1,"bm":0,"nm":"Fill 1","mn":"ADBE Vector Graphic - Fill","hd":false},{"ty":"tr","p":{"a":0,"k":[275.665,409.486],"ix":2},"a":{"a":0,"k":[0,0],"ix":1},"s":{"a":0,"k":[100,100],"ix":3},"r":{"a":0,"k":0,"ix":6},"o":{"a":0,"k":100,"ix":7},"sk":{"a":0,"k":0,"ix":4},"sa":{"a":0,"k":0,"ix":5},"nm":"Transform"}],"nm":"Group 6","np":2,"cix":2,"bm":0,"ix":6,"mn":"ADBE Vector Group","hd":false},{"ty":"gr","it":[{"ind":0,"ty":"sh","ix":1,"ks":{"a":0,"k":{"i":[[-42.873,0],[0,0],[0,42.873],[0,0],[42.872,0.001],[0,0],[0,-42.873],[0,0]],"o":[[0,0],[-42.872,0],[0,0],[-0.001,42.873],[0,0],[42.873,0],[0,0],[0,-42.873]],"v":[[282.769,53.501],[282.77,-53.494],[205.143,-131.123],[-205.138,-131.129],[-282.767,-53.502],[-282.769,53.493],[-205.141,131.122],[205.14,131.129]],"c":true},"ix":2},"nm":"Path 1","mn":"ADBE Vector Shape - Group","hd":false},{"ty":"fl","c":{"a":0,"k":[0.847393798828,0.851184740254,0.854979092467,1],"ix":4},"o":{"a":0,"k":100,"ix":5},"r":1,"bm":0,"nm":"Fill 1","mn":"ADBE Vector Graphic - Fill","hd":false},{"ty":"tr","p":{"a":0,"k":[531.657,466.567],"ix":2},"a":{"a":0,"k":[0,0],"ix":1},"s":{"a":0,"k":[100,100],"ix":3},"r":{"a":0,"k":0,"ix":6},"o":{"a":0,"k":100,"ix":7},"sk":{"a":0,"k":0,"ix":4},"sa":{"a":0,"k":0,"ix":5},"nm":"Transform"}],"nm":"Group 7","np":2,"cix":2,"bm":0,"ix":7,"mn":"ADBE Vector Group","hd":false},{"ty":"gr","it":[{"ind":0,"ty":"sh","ix":1,"ks":{"a":0,"k":{"i":[[-0.001,13.056],[0,0],[13.055,0.001],[0,0],[0,-13.055],[0,0],[-13.056,0],[0,0]],"o":[[0,0],[0,-13.056],[0,0],[-13.055,-0.001],[0,0],[0,13.056],[0,0],[13.056,0]],"v":[[329.626,138.246],[329.629,-138.237],[305.991,-161.876],[-305.986,-161.885],[-329.625,-138.247],[-329.629,138.237],[-305.99,161.875],[305.986,161.885]],"c":true},"ix":2},"nm":"Path 1","mn":"ADBE Vector Shape - Group","hd":false},{"ty":"st","c":{"a":0,"k":[0.174418864531,0.204731974882,0.278676081639,1],"ix":3},"o":{"a":0,"k":100,"ix":4},"w":{"a":0,"k":9,"ix":5},"lc":2,"lj":2,"bm":0,"nm":"Stroke 1","mn":"ADBE Vector Graphic - Stroke","hd":false},{"ty":"tr","p":{"a":0,"k":[531.657,466.567],"ix":2},"a":{"a":0,"k":[0,0],"ix":1},"s":{"a":0,"k":[100,100],"ix":3},"r":{"a":0,"k":0,"ix":6},"o":{"a":0,"k":100,"ix":7},"sk":{"a":0,"k":0,"ix":4},"sa":{"a":0,"k":0,"ix":5},"nm":"Transform"}],"nm":"Group 8","np":2,"cix":2,"bm":0,"ix":8,"mn":"ADBE Vector Group","hd":false},{"ty":"gr","it":[{"ind":0,"ty":"sh","ix":1,"ks":{"a":0,"k":{"i":[[0,0.805],[0,0],[14.505,0],[0,0],[0.964,-0.087],[-13.513,-0.001],[0,0],[0.001,-11.75],[0,0],[13.124,-1.182]],"o":[[0,0],[0,-11.75],[0,0],[-0.993,0],[1.46,-10.631],[0,0],[14.506,0],[0,0],[0.001,10.947],[0.108,-0.78]],"v":[[306.376,159.44],[306.38,-121.77],[280.115,-143.045],[-326.609,-143.055],[-329.541,-142.914],[-303.449,-161.814],[303.275,-161.806],[329.54,-140.53],[329.536,140.68],[306.203,161.815]],"c":true},"ix":2},"nm":"Path 1","mn":"ADBE Vector Shape - Group","hd":false},{"ty":"fl","c":{"a":0,"k":[0.454032658596,0.854979092467,0.431284317316,1],"ix":4},"o":{"a":0,"k":100,"ix":5},"r":1,"bm":0,"nm":"Fill 1","mn":"ADBE Vector Graphic - Fill","hd":false},{"ty":"tr","p":{"a":0,"k":[531.746,466.497],"ix":2},"a":{"a":0,"k":[0,0],"ix":1},"s":{"a":0,"k":[100,100],"ix":3},"r":{"a":0,"k":0,"ix":6},"o":{"a":0,"k":100,"ix":7},"sk":{"a":0,"k":0,"ix":4},"sa":{"a":0,"k":0,"ix":5},"nm":"Transform"}],"nm":"Group 9","np":2,"cix":2,"bm":0,"ix":9,"mn":"ADBE Vector Group","hd":false},{"ty":"gr","it":[{"ind":0,"ty":"sh","ix":1,"ks":{"a":0,"k":{"i":[[0,13.056],[0,0],[-264.974,-34.892],[0,0]],"o":[[0,0],[39.875,44.334],[0,0],[-13.055,0]],"v":[[-223.271,115.208],[-223.268,-138.853],[223.271,138.853],[-199.633,138.847]],"c":true},"ix":2},"nm":"Path 1","mn":"ADBE Vector Shape - Group","hd":false},{"ty":"fl","c":{"a":0,"k":[0.308998347264,0.702368762446,0.27486632104,1],"ix":4},"o":{"a":0,"k":100,"ix":5},"r":1,"bm":0,"nm":"Fill 1","mn":"ADBE Vector Graphic - Fill","hd":false},{"ty":"tr","p":{"a":0,"k":[425.3,489.596],"ix":2},"a":{"a":0,"k":[0,0],"ix":1},"s":{"a":0,"k":[100,100],"ix":3},"r":{"a":0,"k":0,"ix":6},"o":{"a":0,"k":100,"ix":7},"sk":{"a":0,"k":0,"ix":4},"sa":{"a":0,"k":0,"ix":5},"nm":"Transform"}],"nm":"Group 10","np":2,"cix":2,"bm":0,"ix":10,"mn":"ADBE Vector Group","hd":false},{"ty":"gr","it":[{"ind":0,"ty":"sh","ix":1,"ks":{"a":0,"k":{"i":[[-0.001,13.056],[0,0],[13.055,0.001],[0,0],[0,-13.055],[0,0],[-13.056,0],[0,0]],"o":[[0,0],[0,-13.056],[0,0],[-13.055,-0.001],[0,0],[0,13.056],[0,0],[13.056,0]],"v":[[329.626,138.246],[329.629,-138.237],[305.991,-161.876],[-305.986,-161.885],[-329.625,-138.247],[-329.629,138.237],[-305.99,161.875],[305.986,161.885]],"c":true},"ix":2},"nm":"Path 1","mn":"ADBE Vector Shape - Group","hd":false},{"ty":"fl","c":{"a":0,"k":[0.357344743317,0.810424206304,0.334603672402,1],"ix":4},"o":{"a":0,"k":100,"ix":5},"r":1,"bm":0,"nm":"Fill 1","mn":"ADBE Vector Graphic - Fill","hd":false},{"ty":"tr","p":{"a":0,"k":[531.657,466.567],"ix":2},"a":{"a":0,"k":[0,0],"ix":1},"s":{"a":0,"k":[100,100],"ix":3},"r":{"a":0,"k":0,"ix":6},"o":{"a":0,"k":100,"ix":7},"sk":{"a":0,"k":0,"ix":4},"sa":{"a":0,"k":0,"ix":5},"nm":"Transform"}],"nm":"Group 11","np":2,"cix":2,"bm":0,"ix":11,"mn":"ADBE Vector Group","hd":false}],"ip":0,"op":300,"st":0,"bm":0},{"ddd":0,"ind":4,"ty":4,"nm":"Wallet-02 Outlines","sr":1,"ks":{"o":{"a":0,"k":100,"ix":11},"r":{"a":1,"k":[{"i":{"x":[0.275],"y":[1]},"o":{"x":[0.325],"y":[0]},"t":15,"s":[0]},{"i":{"x":[0.667],"y":[1]},"o":{"x":[0.164],"y":[0]},"t":44,"s":[-33.645]},{"i":{"x":[0.833],"y":[1]},"o":{"x":[0.892],"y":[0]},"t":86,"s":[-33.645]},{"t":108,"s":[0]}],"ix":10},"p":{"a":0,"k":[88.028,230.314,0],"ix":2},"a":{"a":0,"k":[202.028,304.682,0],"ix":1},"s":{"a":0,"k":[47.037,47.037,100],"ix":6}},"ao":0,"shapes":[{"ty":"gr","it":[{"ind":0,"ty":"sh","ix":1,"ks":{"a":0,"k":{"i":[[56.104,0],[-0.001,56.105],[-56.106,-0.001],[0.001,-56.105]],"o":[[-56.104,-0.001],[0.001,-56.105],[56.104,0],[0,56.105]],"v":[[-0.001,101.587],[-101.587,-0.001],[0.002,-101.586],[101.587,0.001]],"c":true},"ix":2},"nm":"Path 1","mn":"ADBE Vector Shape - Group","hd":false},{"ty":"st","c":{"a":0,"k":[0.174418864531,0.204731974882,0.278676081639,1],"ix":3},"o":{"a":0,"k":100,"ix":4},"w":{"a":0,"k":9,"ix":5},"lc":2,"lj":2,"bm":0,"nm":"Stroke 1","mn":"ADBE Vector Graphic - Stroke","hd":false},{"ty":"fl","c":{"a":0,"k":[0.357344743317,0.810424206304,0.334603672402,1],"ix":4},"o":{"a":0,"k":100,"ix":5},"r":1,"bm":0,"nm":"Fill 1","mn":"ADBE Vector Graphic - Fill","hd":false},{"ty":"tr","p":{"a":0,"k":[531.657,466.567],"ix":2},"a":{"a":0,"k":[0,0],"ix":1},"s":{"a":0,"k":[100,100],"ix":3},"r":{"a":0,"k":0,"ix":6},"o":{"a":0,"k":100,"ix":7},"sk":{"a":0,"k":0,"ix":4},"sa":{"a":0,"k":0,"ix":5},"nm":"Transform"}],"nm":"Group 1","np":3,"cix":2,"bm":0,"ix":1,"mn":"ADBE Vector Group","hd":false},{"ty":"gr","it":[{"ind":0,"ty":"sh","ix":1,"ks":{"a":0,"k":{"i":[[-42.873,0],[0,0],[0,42.873],[0,0],[42.872,0.001],[0,0],[0,-42.873],[0,0]],"o":[[0,0],[-42.872,0],[0,0],[-0.001,42.873],[0,0],[42.873,0],[0,0],[0,-42.873]],"v":[[282.769,53.501],[282.77,-53.494],[205.143,-131.123],[-205.138,-131.129],[-282.767,-53.502],[-282.769,53.493],[-205.141,131.122],[205.14,131.129]],"c":true},"ix":2},"nm":"Path 1","mn":"ADBE Vector Shape - Group","hd":false},{"ty":"st","c":{"a":0,"k":[0.174418864531,0.204731974882,0.278676081639,1],"ix":3},"o":{"a":0,"k":100,"ix":4},"w":{"a":0,"k":9,"ix":5},"lc":2,"lj":2,"bm":0,"nm":"Stroke 1","mn":"ADBE Vector Graphic - Stroke","hd":false},{"ty":"tr","p":{"a":0,"k":[531.657,466.567],"ix":2},"a":{"a":0,"k":[0,0],"ix":1},"s":{"a":0,"k":[100,100],"ix":3},"r":{"a":0,"k":0,"ix":6},"o":{"a":0,"k":100,"ix":7},"sk":{"a":0,"k":0,"ix":4},"sa":{"a":0,"k":0,"ix":5},"nm":"Transform"}],"nm":"Group 2","np":2,"cix":2,"bm":0,"ix":2,"mn":"ADBE Vector Group","hd":false},{"ty":"gr","it":[{"ind":0,"ty":"sh","ix":1,"ks":{"a":0,"k":{"i":[[0,0],[42.873,0],[0,0],[-4.68,0.881],[-134.539,-46.231]],"o":[[0.001,-42.873],[0,0],[4.936,0],[64.628,58.527],[0,0]],"v":[[-57.533,92.991],[-135.16,15.362],[-135.159,-91.633],[-120.724,-92.994],[135.161,92.994]],"c":true},"ix":2},"nm":"Path 1","mn":"ADBE Vector Shape - Group","hd":false},{"ty":"fl","c":{"a":0,"k":[0.802844058766,0.806637214212,0.810424206304,1],"ix":4},"o":{"a":0,"k":100,"ix":5},"r":1,"bm":0,"nm":"Fill 1","mn":"ADBE Vector Graphic - Fill","hd":false},{"ty":"tr","p":{"a":0,"k":[384.048,504.699],"ix":2},"a":{"a":0,"k":[0,0],"ix":1},"s":{"a":0,"k":[100,100],"ix":3},"r":{"a":0,"k":0,"ix":6},"o":{"a":0,"k":100,"ix":7},"sk":{"a":0,"k":0,"ix":4},"sa":{"a":0,"k":0,"ix":5},"nm":"Transform"}],"nm":"Group 3","np":2,"cix":2,"bm":0,"ix":3,"mn":"ADBE Vector Group","hd":false},{"ty":"gr","it":[{"ind":0,"ty":"sh","ix":1,"ks":{"a":0,"k":{"i":[[0,0],[0,0],[0,0],[0,0]],"o":[[0,0],[0,0],[0,0],[0,0]],"v":[[282.768,131.13],[282.771,-131.122],[-282.766,-131.13],[-282.771,131.121]],"c":true},"ix":2},"nm":"Path 1","mn":"ADBE Vector Shape - Group","hd":false},{"ty":"st","c":{"a":0,"k":[0.174418864531,0.204731974882,0.278676081639,1],"ix":3},"o":{"a":0,"k":100,"ix":4},"w":{"a":0,"k":9,"ix":5},"lc":2,"lj":2,"bm":0,"nm":"Stroke 1","mn":"ADBE Vector Graphic - Stroke","hd":false},{"ty":"tr","p":{"a":0,"k":[531.657,466.567],"ix":2},"a":{"a":0,"k":[0,0],"ix":1},"s":{"a":0,"k":[100,100],"ix":3},"r":{"a":0,"k":0,"ix":6},"o":{"a":0,"k":100,"ix":7},"sk":{"a":0,"k":0,"ix":4},"sa":{"a":0,"k":0,"ix":5},"nm":"Transform"}],"nm":"Group 4","np":2,"cix":2,"bm":0,"ix":4,"mn":"ADBE Vector Group","hd":false},{"ty":"gr","it":[{"ind":0,"ty":"sh","ix":1,"ks":{"a":0,"k":{"i":[[0,0],[-0.001,42.874],[0,0],[0,5.241],[0,0],[-42.872,0],[0,0],[4.055,-0.654]],"o":[[-42.873,0],[0,0],[0.991,-4.95],[0,0],[0,42.873],[0,0],[-4.238,0],[0,0]],"v":[[232.266,13.053],[154.639,-64.576],[-244.713,-77.512],[-243.195,-92.818],[167.086,-92.812],[244.713,-15.182],[244.712,91.812],[232.265,92.818]],"c":true},"ix":2},"nm":"Path 1","mn":"ADBE Vector Shape - Group","hd":false},{"ty":"fl","c":{"a":0,"k":[0.914689307119,0.918480308383,0.922272566253,1],"ix":4},"o":{"a":0,"k":100,"ix":5},"r":1,"bm":0,"nm":"Fill 1","mn":"ADBE Vector Graphic - Fill","hd":false},{"ty":"tr","p":{"a":0,"k":[569.714,428.256],"ix":2},"a":{"a":0,"k":[0,0],"ix":1},"s":{"a":0,"k":[100,100],"ix":3},"r":{"a":0,"k":0,"ix":6},"o":{"a":0,"k":100,"ix":7},"sk":{"a":0,"k":0,"ix":4},"sa":{"a":0,"k":0,"ix":5},"nm":"Transform"}],"nm":"Group 5","np":2,"cix":2,"bm":0,"ix":5,"mn":"ADBE Vector Group","hd":false},{"ty":"gr","it":[{"ind":0,"ty":"sh","ix":1,"ks":{"a":0,"k":{"i":[[22.61,-3.645],[0,0],[-13.931,13.286]],"o":[[0,0],[20.771,0],[-11.609,18.71]],"v":[[-26.776,17.88],[-26.776,3.58],[26.776,-17.88]],"c":true},"ix":2},"nm":"Path 1","mn":"ADBE Vector Shape - Group","hd":false},{"ty":"fl","c":{"a":0,"k":[1,1,1,1],"ix":4},"o":{"a":0,"k":100,"ix":5},"r":1,"bm":0,"nm":"Fill 1","mn":"ADBE Vector Graphic - Fill","hd":false},{"ty":"tr","p":{"a":0,"k":[275.665,409.486],"ix":2},"a":{"a":0,"k":[0,0],"ix":1},"s":{"a":0,"k":[100,100],"ix":3},"r":{"a":0,"k":0,"ix":6},"o":{"a":0,"k":100,"ix":7},"sk":{"a":0,"k":0,"ix":4},"sa":{"a":0,"k":0,"ix":5},"nm":"Transform"}],"nm":"Group 6","np":2,"cix":2,"bm":0,"ix":6,"mn":"ADBE Vector Group","hd":false},{"ty":"gr","it":[{"ind":0,"ty":"sh","ix":1,"ks":{"a":0,"k":{"i":[[-42.873,0],[0,0],[0,42.873],[0,0],[42.872,0.001],[0,0],[0,-42.873],[0,0]],"o":[[0,0],[-42.872,0],[0,0],[-0.001,42.873],[0,0],[42.873,0],[0,0],[0,-42.873]],"v":[[282.769,53.501],[282.77,-53.494],[205.143,-131.123],[-205.138,-131.129],[-282.767,-53.502],[-282.769,53.493],[-205.141,131.122],[205.14,131.129]],"c":true},"ix":2},"nm":"Path 1","mn":"ADBE Vector Shape - Group","hd":false},{"ty":"fl","c":{"a":0,"k":[0.847393798828,0.851184740254,0.854979092467,1],"ix":4},"o":{"a":0,"k":100,"ix":5},"r":1,"bm":0,"nm":"Fill 1","mn":"ADBE Vector Graphic - Fill","hd":false},{"ty":"tr","p":{"a":0,"k":[531.657,466.567],"ix":2},"a":{"a":0,"k":[0,0],"ix":1},"s":{"a":0,"k":[100,100],"ix":3},"r":{"a":0,"k":0,"ix":6},"o":{"a":0,"k":100,"ix":7},"sk":{"a":0,"k":0,"ix":4},"sa":{"a":0,"k":0,"ix":5},"nm":"Transform"}],"nm":"Group 7","np":2,"cix":2,"bm":0,"ix":7,"mn":"ADBE Vector Group","hd":false},{"ty":"gr","it":[{"ind":0,"ty":"sh","ix":1,"ks":{"a":0,"k":{"i":[[-0.001,13.056],[0,0],[13.055,0.001],[0,0],[0,-13.055],[0,0],[-13.056,0],[0,0]],"o":[[0,0],[0,-13.056],[0,0],[-13.055,-0.001],[0,0],[0,13.056],[0,0],[13.056,0]],"v":[[329.626,138.246],[329.629,-138.237],[305.991,-161.876],[-305.986,-161.885],[-329.625,-138.247],[-329.629,138.237],[-305.99,161.875],[305.986,161.885]],"c":true},"ix":2},"nm":"Path 1","mn":"ADBE Vector Shape - Group","hd":false},{"ty":"st","c":{"a":0,"k":[0.174418864531,0.204731974882,0.278676081639,1],"ix":3},"o":{"a":0,"k":100,"ix":4},"w":{"a":0,"k":9,"ix":5},"lc":2,"lj":2,"bm":0,"nm":"Stroke 1","mn":"ADBE Vector Graphic - Stroke","hd":false},{"ty":"tr","p":{"a":0,"k":[531.657,466.567],"ix":2},"a":{"a":0,"k":[0,0],"ix":1},"s":{"a":0,"k":[100,100],"ix":3},"r":{"a":0,"k":0,"ix":6},"o":{"a":0,"k":100,"ix":7},"sk":{"a":0,"k":0,"ix":4},"sa":{"a":0,"k":0,"ix":5},"nm":"Transform"}],"nm":"Group 8","np":2,"cix":2,"bm":0,"ix":8,"mn":"ADBE Vector Group","hd":false},{"ty":"gr","it":[{"ind":0,"ty":"sh","ix":1,"ks":{"a":0,"k":{"i":[[0,0.805],[0,0],[14.505,0],[0,0],[0.964,-0.087],[-13.513,-0.001],[0,0],[0.001,-11.75],[0,0],[13.124,-1.182]],"o":[[0,0],[0,-11.75],[0,0],[-0.993,0],[1.46,-10.631],[0,0],[14.506,0],[0,0],[0.001,10.947],[0.108,-0.78]],"v":[[306.376,159.44],[306.38,-121.77],[280.115,-143.045],[-326.609,-143.055],[-329.541,-142.914],[-303.449,-161.814],[303.275,-161.806],[329.54,-140.53],[329.536,140.68],[306.203,161.815]],"c":true},"ix":2},"nm":"Path 1","mn":"ADBE Vector Shape - Group","hd":false},{"ty":"fl","c":{"a":0,"k":[0.454032658596,0.854979092467,0.431284317316,1],"ix":4},"o":{"a":0,"k":100,"ix":5},"r":1,"bm":0,"nm":"Fill 1","mn":"ADBE Vector Graphic - Fill","hd":false},{"ty":"tr","p":{"a":0,"k":[531.746,466.497],"ix":2},"a":{"a":0,"k":[0,0],"ix":1},"s":{"a":0,"k":[100,100],"ix":3},"r":{"a":0,"k":0,"ix":6},"o":{"a":0,"k":100,"ix":7},"sk":{"a":0,"k":0,"ix":4},"sa":{"a":0,"k":0,"ix":5},"nm":"Transform"}],"nm":"Group 9","np":2,"cix":2,"bm":0,"ix":9,"mn":"ADBE Vector Group","hd":false},{"ty":"gr","it":[{"ind":0,"ty":"sh","ix":1,"ks":{"a":0,"k":{"i":[[0,13.056],[0,0],[-264.974,-34.892],[0,0]],"o":[[0,0],[39.875,44.334],[0,0],[-13.055,0]],"v":[[-223.271,115.208],[-223.268,-138.853],[223.271,138.853],[-199.633,138.847]],"c":true},"ix":2},"nm":"Path 1","mn":"ADBE Vector Shape - Group","hd":false},{"ty":"fl","c":{"a":0,"k":[0.308998347264,0.702368762446,0.27486632104,1],"ix":4},"o":{"a":0,"k":100,"ix":5},"r":1,"bm":0,"nm":"Fill 1","mn":"ADBE Vector Graphic - Fill","hd":false},{"ty":"tr","p":{"a":0,"k":[425.3,489.596],"ix":2},"a":{"a":0,"k":[0,0],"ix":1},"s":{"a":0,"k":[100,100],"ix":3},"r":{"a":0,"k":0,"ix":6},"o":{"a":0,"k":100,"ix":7},"sk":{"a":0,"k":0,"ix":4},"sa":{"a":0,"k":0,"ix":5},"nm":"Transform"}],"nm":"Group 10","np":2,"cix":2,"bm":0,"ix":10,"mn":"ADBE Vector Group","hd":false},{"ty":"gr","it":[{"ind":0,"ty":"sh","ix":1,"ks":{"a":0,"k":{"i":[[-0.001,13.056],[0,0],[13.055,0.001],[0,0],[0,-13.055],[0,0],[-13.056,0],[0,0]],"o":[[0,0],[0,-13.056],[0,0],[-13.055,-0.001],[0,0],[0,13.056],[0,0],[13.056,0]],"v":[[329.626,138.246],[329.629,-138.237],[305.991,-161.876],[-305.986,-161.885],[-329.625,-138.247],[-329.629,138.237],[-305.99,161.875],[305.986,161.885]],"c":true},"ix":2},"nm":"Path 1","mn":"ADBE Vector Shape - Group","hd":false},{"ty":"fl","c":{"a":0,"k":[0.357344743317,0.810424206304,0.334603672402,1],"ix":4},"o":{"a":0,"k":100,"ix":5},"r":1,"bm":0,"nm":"Fill 1","mn":"ADBE Vector Graphic - Fill","hd":false},{"ty":"tr","p":{"a":0,"k":[531.657,466.567],"ix":2},"a":{"a":0,"k":[0,0],"ix":1},"s":{"a":0,"k":[100,100],"ix":3},"r":{"a":0,"k":0,"ix":6},"o":{"a":0,"k":100,"ix":7},"sk":{"a":0,"k":0,"ix":4},"sa":{"a":0,"k":0,"ix":5},"nm":"Transform"}],"nm":"Group 11","np":2,"cix":2,"bm":0,"ix":11,"mn":"ADBE Vector Group","hd":false}],"ip":0,"op":300,"st":0,"bm":0}]}],"layers":[{"ddd":0,"ind":1,"ty":0,"nm":"comp","refId":"comp_0","sr":1,"ks":{"o":{"a":0,"k":100,"ix":11},"r":{"a":1,"k":[{"i":{"x":[0.667],"y":[1]},"o":{"x":[0.333],"y":[0]},"t":0,"s":[0]},{"i":{"x":[0.667],"y":[1]},"o":{"x":[0.333],"y":[0]},"t":35,"s":[5]},{"i":{"x":[0.667],"y":[1]},"o":{"x":[0.333],"y":[0]},"t":82,"s":[-5]},{"t":119,"s":[0]}],"ix":10},"p":{"a":1,"k":[{"i":{"x":0.667,"y":1},"o":{"x":0.333,"y":0},"t":0,"s":[256,256,0],"to":[0,-6.667,0],"ti":[0,0,0]},{"i":{"x":0.667,"y":1},"o":{"x":0.333,"y":0},"t":60,"s":[256,216,0],"to":[0,0,0],"ti":[0,-6.667,0]},{"t":119,"s":[256,256,0]}],"ix":2},"a":{"a":0,"k":[256,256,0],"ix":1},"s":{"a":0,"k":[91.696,91.696,100],"ix":6}},"ao":0,"w":512,"h":512,"ip":0,"op":300,"st":0,"bm":0}],"markers":[]}